-- phpMyAdmin SQL Dump
-- version 4.8.5
-- https://www.phpmyadmin.net/
--
-- Host: localhost:8889
-- Generation Time: May 05, 2019 at 08:26 PM
-- Server version: 5.7.25
-- PHP Version: 7.3.1

SET SQL_MODE = "NO_AUTO_VALUE_ON_ZERO";
SET time_zone = "+00:00";

--
-- Database: `ece_amazon`
--
CREATE DATABASE IF NOT EXISTS `ece_amazon` DEFAULT CHARACTER SET latin1 COLLATE latin1_swedish_ci;
USE `ece_amazon`;

-- --------------------------------------------------------

--
-- Table structure for table `acheteur`
--

DROP TABLE IF EXISTS `acheteur`;
CREATE TABLE `acheteur` (
  `id` int(10) NOT NULL,
  `nom` varchar(255) NOT NULL,
  `adresse` varchar(255) NOT NULL,
  `email` varchar(255) NOT NULL,
  `mdp` varchar(255) NOT NULL,
  `ville` varchar(255) NOT NULL,
  `codepostal` int(5) NOT NULL,
  `pays` varchar(255) NOT NULL,
  `telephone` int(10) NOT NULL,
  `typecarte` varchar(255) NOT NULL,
  `numerocarte` bigint(64) NOT NULL,
  `proprietairecarte` varchar(255) NOT NULL,
  `expirationcarte` date NOT NULL,
  `cryptocarte` int(3) NOT NULL,
  `photo` text NOT NULL
) ENGINE=InnoDB DEFAULT CHARSET=utf8;

--
-- Dumping data for table `acheteur`
--

INSERT INTO `acheteur` (`id`, `nom`, `adresse`, `email`, `mdp`, `ville`, `codepostal`, `pays`, `telephone`, `typecarte`, `numerocarte`, `proprietairecarte`, `expirationcarte`, `cryptocarte`, `photo`) VALUES
(1, 'Delagardette', '8 rue Bonaparte', 'Kieran.delagardette@edu.ece.fr', 'azerty', 'Chatou', 78400, 'France', 612345678, 'Mastercard', 1234123412341234, 'Delagardette', '2019-05-24', 123, 'data:image/jpeg;base64,/9j/4AAQSkZJRgABAQAAAQABAAD/2wCEAAkGBxMTEhUTExMWFRUXGBcYGRYXFxgYGBoaGBcXFxcXFxcYHSggGBolGxcVITEhJSkrLi4uFx8zODMtNygtLisBCgoKDg0OGxAQGy0lHyUtLS0tLS0tLS0tLS0tLS0tLS0tLS0tLS0tLS0tLS0tLS0tLS0tLS0tLS0tLS0tLS0tLf/AABEIAKgBLAMBIgACEQEDEQH/xAAbAAACAwEBAQAAAAAAAAAAAAAEBQIDBgABB//EAD0QAAEDAwMCAwYFAgUCBwAAAAEAAhEDBCEFEjFBUSJhcQYTMoGRsRRCocHwUtEVFiPh8TOCB0NTYnKSw//EABkBAAMBAQEAAAAAAAAAAAAAAAECAwQABf/EACURAAICAgICAgIDAQAAAAAAAAABAhEDIRIxQVEEEyIyFEJhI//aAAwDAQACEQMRAD8Afe1+s0armuYJABA6Z81851W+LnEfIBPLi0wdpJI6LNXNm5r56yvKhKE5uRFIE/COdJIhXXFs50BoOB2TezpPgVCD0BTCpU2tJGCeT5dk88zTpDWY19o8dEwptcae05nhNaVnvlwM7ckeqrvKRIO1mQeRyB/ZF5E3QTP1LJ4dEZXrLeo90BpLkyF3MDM8Imyrva6RI807nKuhRVXsnt+I57dQmNEtaRu3Nx25VjAKjy8yXT17IzVKLqz9rXB0NEEKfNtqLCDbgT4SYRtF7NkT4icpLSDmvLeoU3UHlpf9U9D2Mbmk5x3A9OFbp9xI2kcISxrucNoEkDJVxZsgyPku4gURtZzTdvbA81X7Quoy2owGRBM5lDUryZaPVWVtGqCk2s52KhjyCi6jJOQq0zJahcGo8vgCegQ7HEcJjrFpsPSD28ktK9CFOKroqgyxszUPHVMr+3aynid0/ogdLqOY4OAlaG6u6bqBaGeMmST28lKaknpCO0zMtc52AFClRM55RdFjp42856qDXVJ4J+S7YUV0aJdO54ECUO6l17ot7XGfAQSuZaPJyI9UyUhyk7eoVj6jdoAA656qT7Lu4Aq9lnTAyS5MsbZ1HmmVASGnHmp6k5mAweqFquaD4RCqe+fJNHGk7OonWpwyevZAgSrH1yfRcMp2xg7RHtZWY53wg5ReuUWvruNIS0nELtI0kvy4gD7p1SdtEBogLLOSU+S7Fb2LdM0Vs/6h+S0dnplLaRtzyCqramTMpzYswO4CzZc0vYjk0KG2Jf4RgDgQvGVtlN9PaDJ56hOaVN7veACHRI/2WLqV3h5aXdTK7H/1tPwFO9MMt7CCIBJWiZXdRa1hDQQPKczys1aXdRpBDh5d0cSX+KpuLjyU88NjrHFhdGo4AOY1sN5B6+ZS+8rtqVcNgFUVLwBgkEAj6oW1utxMDDf1WHFicXyZnCTQcBxI6+XZBVK+1pHO5XvuHgjbInojruhgS0GcgjzVLp7BYooXrdu3gyoiu5jpc8w77FFXOgljN5GD5oNwIaWPzjwlVhKE7cRii8sC2XjLTwR5r2wpPc10BxVtGoCIPTgDhNaToAhUcmkcDWtsRTJ2wep7oe2qOa8QOSmtVh2+XZCWpL3NaQABwUqYSrbsqmPET+6t1OuWtIaOQAAB1OExo2cuiPFwr7l7WCGtG7+rk/LGEU7dj4sbkxLpmmuyXNcGjAHE9yfLyV+rtA/6QxGcdV5XuDGfshDeOHEf39U++SkXlh3aZb7O1QSS4SQneo3z3Uvd/kDgQO3zSnQWjeS0xIy08/8Ab3TSs0uJDWnbBklLlSctknHdMS6tZB1Jz9/wxAWXIT6pbVXFzWsc4RMNBOJicBef5drzHuj38o7zwtkKgqsaMGC2NRoGXQUQ27aMbgVefZmtEnaPInP6ISpotQTIE+o+qdZYjfUy6pUbyCFZb1m8yk77dzeQR8lU5qfmLwHN5fNPXjsgat2DxKDIXkldyDxRZUrFR9+Y5UXSVOlbFxhokpeR1IqaZUnHopGkRhemmey6zioBMdLsDUPkFVb2smDgLY0qEUmlsBrekZKhmzKOkK5UeUbBraTnbjLYwpVreIIyYlTdSJ9DlDXVZ4IaenQLOnyegLYzsarW7Wu6mSf2TnTbpoZkjBPVZd9QkB0RAVb2gwWvwRx5qM8KkTkrHl3r7KdRzi3cI24WSuqe9xLcSZHzRtQAgtLTPfsh6FEN+IzHCvihHGrj2OopE9PDqdVpc2YI9FqNQpy6eJAOFndOvt1RrDwSneqXUVIaQQAE8m/I6oC02xdXpuFQ4pthuB/ISMWRpvkHrlb2voFakC5pFQEfl/sstc0TPiaQR8ljWLJCUuXTMu7Osdhqf6hmMyPsp+0jtuw0z4Twgabs9u8dQnF9SpupMa55x8PXn0WfLjlDLGSuvXgXyJ7O7Lqb6bndcAlLH1HjD2/3haV2i02g1SSGyA0+aBqgBzhh0iAVbFli2+I6doB0hoJc0DpknsiG0nEw3I6KzbtZDIHc9VfSsHikau4Ru2/NV5NtsOiNKpghxyoU2w6ApFsGcJhp9rI3YlxIA6+qVtJWdov05vJ5wR6pjU9l6zmhznNaCJgZORK7SrEkDbnJWptbndS2H/qUvA5vXHwn0Ij9VT4k4ym4s04puqR8L1DV3sdEDpk9Zg4HT9Uy0+0fXpl4ABABjiZnj5D9QtNr+hUX1C+IMkwWhwzkxPGenCXNds8LeSee54yvR+mLGUpp7Eun0XmoAwEunAAkz6BfTdO0m5LRv2sx+aCfoArvY/Sm0WF8eN3LuvfnotE5/msc4N9FVIRDRnxDqpA/9rQFWNIHR575H3JP8Keueh3M7qDjLyUUjO19BJ6lwPUn+SlV3orWTuIxkxn9eFpy8tJLuOmfLkrKe094eG9cq+GDfYwr327cEOf/AN0D9EHXfQ6UGfPcf3SyrUKoqV1uUIrwI6Cqvuv/AEwPQkfuhfd0p4P1QtSsh3VUXFMRpehm+zDiXNOE20iyphu81NruIhZu2uy0yndXVASxzWwBG4d4WTLjl/UzZI10e3ljT3GCSec9e6d22l0TRbVa0TI5+xQ+sa9SqOaW0wPDBPYoWlUMeEnaeR0WVxyTim7RFpse27aZLt1MT+UDhE3FFrmHxQ4N+EcYSDT7oMduqDc3qP3CZ+7bsdUY6CBIB6g9FLJicZdsNUAMD/d7p4Iwo1LglwLgrH3BqGTgARAVl1V3AAiCO3VaVZRF1StvBIGEM9hbiJBErm1tjQ3bz+qY2zGiXOPLf4FJrgTapitx8QIMd/RD3NYEGPkifxLADjJwPRLH2jzJnAVoL2OjqNLa9rpmCCU6uQSZEQRKQU6k7s9FGap4dhNOwN0bTTvajafC/wCRTp+o29wIqtE/1DBXyttMd0XRqOHDiF632Rl+yH+pm/qez9Ej/ReCT0clP+X69B/vXMlrTPcEJJR1Go3rKa2nta8eF0kduQs2f40MkWour9k5YmU3Gp1awLQwFoMwBx5pYfjE89lo23L3Fz6NNzQ8QYb9lKlRpuc1jWAOIIcXd45XkS+NL411DX+E+El4Et0SXAuDRuGAF4K7mt2TDA6fmr9ctDRc0SD2+qE1CsZ2uBEdP3RxrklQaJOfunHKP0uoadUGQQJ9MjoqtGsxVJExAR9zbCk3ceQcHp6Kc5xvgL5C7HVWU25Bw7ASvUtZc6r7yk4tqDEdC0dHKl9wKh5A6z0wkdQPO4t4nKfBijGfLyXj+L0H3/tDWdO+m0Hvn7KHsyHVqwLjOfl5/sh7Brqu9jzPhx6gpx7PUPcuaTH1iP5C9BzbVGmP5Kz6HfXYpUwUlpa9JzH3ROp/6tIicwvnOp6Nk4LXDg8Jy+NKurPp9nqAOZHpOUQ64ngr45pmtV6L/d1HS3puz9Hc/Vbaw1UOjb6wSPukljsMYxl0OdQqmDn07LCavXlxB6LU3d0cnv0lY7WWGZyjjjxY7VIVuElUVmIqhlUXVy0GCPotFi8dC6qqHFM6tAFu4GQl1ZmVxKUWiqU3smOLDDSeeAUpYzK3nsvatdQ2HBJJDhyCQPqMBTyOlYvDlpmeNAgS4OHyKvsbsAwfSfsmV1cOpPdSdAcDByCD1mTmCl9VwcYIHqInP/AWfnfYksOtBd3ls9FbQrywCUvFSWgHHRFWVtkgGRyi1rZnaCchWk8Kt4yu97GEjXoKVBbWSAfoi69yXsDA3k580up3ZjgYTWxrzGAJ6+aXJifHl6FcXYBU03uYKFrPLJESmdW6bvPvCYHZZ/Urzc4wMdEuOE5fsMwCnTLnSfhlGimW4HHTlL2kxGYTVl28gQYgAKuWxJCKjqI6j6Iyjd0z1hJxQleOtiFtLqTNE2oDwVJZmXDqr6Ny8dSu5B5G3sdcrMgB5jsmF1rrqrYcwbv6hysVbXjuSP0TC21VoOcJllvQyihxTrOJG7PqiLq0FU7jhyqtrhjuoTCjT7FJwj6LLHGR7ouhuc4AHzwj9d926kymZ8Mlx7nolGo6w+gRswSOVfa3YqMBdy4dV5+X4nPJcX0SyfG8xEtagWslrYaZyh7aqGtcXTt6LValX/0gym0REGYP0WSu6NQiNpACWGOf91RFQn5RVbXrGODs+fotPVIcxjmxDmyfIA5H1lY6tTxEZ6lbb2Y3VaDqZAGwSxw6j8w8+/zVZaVori06ZPTb/oe/6I67sxUG8fP0WYovIqEHof3ha6wOBCrCRoWtmE17SJmR6H7JfS1ym2kym5pbVpjbI4cBxPnC+i6zp+8EQZ6FfL/aDT4O4DIwVVMM+ucTWW18Sxj3AkPaHNnt+6nqND3g4E+XB/RY3TvaF9Ol7l7Q+mDLZw5s8we3ktH7N6i6ux8Nf4ILozg8H9D9EGqGhlUtMV1aBpugpfqNGTIWqvKG4Yz5H4vnhIa3oV0ZWPWqBmMLWAep+qDuiBlF16mIhBinJ4TWLLohbguyYDf59VstAqQAFn7SwJjd9E+tn7R6JJb0IUe11ga9Wi9p+Gdw6cgg+vKIrU2FgaWguAAaYzjz+SBuL5xqTI2xjH1Qb7k75JlGNKNGaU1eiDGkvc0ngopkN4KGdUiTMkq6xpe8IbME90GvJHth1Op4oV1xbzkdUU5w27IDi3G4dfVC27M5OFJ+yjSoGedg5lF067ntEflXj7cOHPhmVTfeAbafBHzQ5WhGqOL97jhBPA45Q767hwUx0nTKlUgsBPcKiOUbAaoH0Xn4hvda+r7EXDoPujEJZceyVYOIFJy6UfYkoNmHpVkSyr5pnZ2LXGMFMNW9mhSicSARHYp3kV1ZqWKVWZp4BU6TB3VtSwjhy8p2bx2KNg47HNjVDaL2lrTvEA9RHZKqtLOERQoP7FOtM0t1Td4Y2tnP2CgpU9mhw5JUZ6lvbwSjaGrVGcynjNNBpuqEQGmO3PGELStGHqCqRmn0K8TRU7WKdSA8fNNbPUGQGhwjoEquNGHQfQpdX0lw4KqmC2jbUXz8KObdsY0tqtB3CG+q+cUa1amcOI+aLfrdUgCoA6PkhJtqh45EuzUXn4VwNPbtfPxD7KOlg27g5ry4A/DwCOoWXoag01N7pTqnftOQprGmqkdLjLY3vrTxlw6gH5HI/SE30hvhkpex++jTd+YeGe+0x9Y2fRNdMbjupRVOgPoYPZIWG9qNOgzHPK38JRrtnvA+irZ2KW6Z8aubWCQtr/4Y0QBcSOfd/wD6JLrNqQfMJl7BaqxlVzHHbvEZ7gyP3TvYso0zX39o0jiPT5LLatb0xDGtgk5PK1988LEX1cOqnPwrlA5SaF9ezYBzP8/sktxfNa4tYJI4M4Kv1y+IOxvxHk9h5eaA06xL3Bv1PYd11A5yfQbQr1qxhpgdYwEyrVto2Aknqe/+yttHU2EUxx17lGaoKbi0MAwIPqlk66EyTdcUZx1Qh0lEv2nI4TK9sqRAcfDAznk+iVBvIb8PZcTeNotbQLgY6KVnRMq+0rRgDpC9o1C0kwfmucxaGtqzY07jylF1WkyJWq0Ch7wue6C1rZg+aQ6o6nvlg2wT4ehUJTXKgUX0nAUYnPKBbdSYcIwrW3IDd23JwkWo3bsFpRhEs8VRtsMqDxE9JX0r/wAP7ugy3duLQ/f1iYXyz/GC9gY4AR2CvtrgtIM46qqtCwVPZ98utcpOAbTqNk+YQdSk8mZn5r4o27Jq/EQOkFaBmr1WiN7vqUJTo0Rxp9Gbtrp1LJaiquqPqDKUu1UOGWhFWNdmMR5JJ412NDI3pExRLlRBHVavTtTpUw6WNO5pbnpPUJXcVKU/CpqfgpLH5BrO5e3831TT/MDwOgU6Viw0HVoENIETnKzt7Ub+Vc4KQVkeNGkd7Ql8NIHyjKfWV9aBm6oxsjoRkr5vb3W0z2V1e+D+6V/GbetB/kqtjHV3uDi6mfCSSADwJSr/ABaoOSiba/aBDhKHuW03GRIWuKaVGScrdog7UZ5Ck27ahX0R0yqSE5O2MRVHRW0yUqBKvpXDh1QsZM3/ALJvJpPa4nwua4eW7H7LWaYMLFewl057qoxApz9HjEfX6LY6Y6YPl/ss8v3Y7ehrCEvWbmkeqMKGrnlPFip0zDa3YkeLyz/dZb8PTDiXMDgfMgj0IX0TU6M/JY7U7PaTHComaNTWxU29uBuaLghg+EOG50JfTYWuc7cXOPU/coqu0rynQc7yTciTw/6DUbYud3PUp1RtXBsUmF3c+fZVGKbYHJ5RtlrtFjQzdEffquWxoqPQE+zrF+40sqVPS7iMNPqnVLVKTv8AzAj7auOjgQjxQywQb7Mu3Qa5OWp9o+ggT77Egxnr0T6i5vMhC6rQNTaaZgj9VLKm1o0Q+PBbYO72VLYduGQqX6I0eFz/ABH4U20ltbdFUyyMeSZ1KFLBdBjhIk2tjfRj9A2l2DaNCrT5e9sA9AvnGoNfSqFrhkcr6HqdTG8VNjRz5rA6prdEGoGt3ud+cpliSt+zJnx449AbaxIIEeiVXJnEq+3qyDmOyDLSclBaMsp6QPwVaKxiFKvRxKrbhPZydhFGsZEpmdRB5wlExkKbnSuavsopNdFDbd/9KvpsePyleMu0XRvQncLJqSJGq4xM/RWB5JGCiGXre6tF43uFP6i6yEq2pEt921vljqltS1qn8pTD8cwZ8K9/xUdwgsXEM5qXYr/BVP6SptsKn9Kb09Wb1hFM1JidCcYsQCyeOi4Wz/6StI28plE29VncLrCsa9mS907+k/RQ/CuJw0/RbplSn5JlYVLdxAI+iSU6HWBPyfOfwT/6T9FAU3D8v6FfZr9lmxrIAmMz8kkuNRtGZ2h3kkjkvoP1LuzO+wzXGrUxBFJ0Y6y0LZac/OOP3QWjaxTqvfTp0tvgcZAHQhEaeYJ/gSt/kJNVoe034Ua3CrpPXr34TImKr0crOXkZWjv3DhZi9qcq0SiE9xSEquAMq2scoC6rYRZ0pEG1m7tzjhvHqeFTVp0XfmAKHuxDBjknPyj+/wBEv9yScAkoJi9DA6c0/DUH1R1np9ZhBa4/sgKGkOEF7msHOefom1S/otbAe5xHbhc2UjFdsY0L2swdD81P/H6w4prP/jurXFeDWHt4/VNaD9rNNR1C4dlxFNvcqm/9p20vCz/Ud1ceFnqNy6s4b34kSOkK6vasLjjAmD3U5ZUnQsvkNaQLeatVru8TpHbgIKoyTwuo2pJ48PdEvA4aukzPNuW2VZDQYhVNdglXPq9OQqHMPokIM8a6VBykIyvWtTopFkaasDV60KUJrKgYarWwoCoFNrwqES5pHdSZRYfzFVte1SaWoMdFxtW9CSoGiArqTpVzqfUpWxqBWUx3KLo2w7lVtqAI22JPRCxoocaDoJrODW8558uUQ7SYME8Y6I/2brNaRkh3l2W5s9BpOaHOdEzysbzpSo2uChFNnzpulDuU70u1bTDiOYwT09ERf2oa6ArNOu2USS8B0ggA90Mk+caRaMOLuhPTqtfWioTCf2+lUBBFIHzck1HaHbgAT3TB1y4jJwhHHLpDScfI9s2Um7gGsBLHcAdkhpYd88LtFvd1cAcEPyf/AIFV0ME9px6qijxdGDM1dob0nyFG5q4VdM4S+/rJ0QRRfXCzd7XRV9dZ/ndIrmtKqmx7OrVEDWMq571SBJCLehe2Sq02GATMDgfXKLtA0S1rcjId2QlBolxPJ6KbaewZdl3QKE5eCWTI+kSvbdu0y47/ADyklVw4AR7rrEOyeAVRRbByjBtdnQk/JZpFHc7IkDJHkjbygxjC5mXE5BHwheU7ohpa0QOpHJVDqsO29O3dK3Juznk2U6dd7A4RJPXsr7isXcmR/MKVGqwk7hEAxHVXVKDW0muxJOR6ov2BvyLq1yfy4HZEVaYbDhBkZCrc4bTHKhTeCMzP6Jm7JttsuFFhPMfzhUXDIJA7K2vtYRBkKs1g4oKwUwX3cLmnKuqMzPRRe0JrGVkmGVP3ZVdFsJhSdhCy2O32ZsPUg9DhWBaBbLmvVrXoYKxhSjJjOydJWk1QU3MpCm3aQ3xHu7us1agtz1RdvfEOG4yoyTs0464htGwAzH1VzTtV4rBwkcIZ4Tp2dVBFjqO14PC0FT2ufECB5rJVKfYIV7nSoz+Om7LRztKmfSbDURWp7nRu4WP1m8dvIJ47IexuizM5/RV12mqZJXRwNDS+Qmh1ompt27TkhealrUmBgfdJTWawEN579UI+sVohjozTzt6Nj7JXgdcNb3Do/wDqf+PmnjBBAE7v081k/YHN2wn8oc76NK2vux7z7D/f5qU/3EbtEhges/8AKU6kSPlz69k0LoGBkfZI9Rfieuf9l3kRGfvn4lKKrspjqTpiOEsPKqgHESvJiT2B+ynEA8FRqNBa88YHHeUH6GRH3wcAG9uUNdPe3JPTB5VLREIynTD2wT1SvHRJwF4dBBRfv2uPkuv7OPhHRCtEIcRaaC3uDSQRiD1QZZwUZcM3FjuvVeto7zjmYSoFFPIxyiqA8BnMcqmpSLMDnqf2U7V5YDP5l3Z1A/uzGCrnWuZOBiPMoq1txhGMZNRoAnKPRSELAzal9JzNuZkJfUEGIjC2H4Ks4y2meY4xCsvfZh1TaXeCBmEbK/TKXRjaNMuB8l6KRW3t9CpsERuPmi7H2dNR2GADuhob+MYS2snuwAmH+Hbcbgeq2V5pDaR2YS2pp7Z4VFG0PHHxPlRC4FcuVDEeyj9PpCC4n0C5cuCg+3t3P4wEYy0Y3JyV6uStWy8XSLfeEnyRlBoXq5dVHKbbJV9scpZVdnC9XJ0CUtg760KD750Q0fNcuRrQjbBmUHk9kztbBxXq5BjQV9mw9ibLbVc7+ljj55BAj6rQ1XjMc4JPzEgfqvFyyz/caXRA5HSevbEhJtSOD1PHp3XLkzEMveDJ8vvGUAwfVcuTI4m1Rc07XkDgCfQkD7wvVyIyFpap1HENHquXKpw30qpuaJV13prXTAjzXLkGVSTjsVutHM8Pn91dQrbSWtGZyVy5QkiDVMl7/JMSqHAOMOkLxclRSvxsJoNkwOi0/suKPvm7s9yeJXLkJdHYn+Ztrm+pt+GD6LP3msM/qXq5PjSNmWTitAtLU2E8ymNPXA0YwF6uV+CZFZXQmv8AUHvcXIX8S/8AgXLk9UJybP/Z'),
(2, 'Martin', '10 rue du lac', 'Martin@gmail.com', 'password', 'Paris', 75015, 'France', 6987654, 'Mastercard', 9876987698769876, 'Martin', '2020-01-09', 7, 'data:image/jpeg;base64,/9j/4AAQSkZJRgABAQAAAQABAAD/2wCEAAkGBxISEhUTExMWFhUXFxUWFhcYGBgXGhgYFxgXGBYXFRgYHSggGBolHRUdITEhJikrLi4uFx8zODMtNygtLisBCgoKDg0OGhAQGy8lHyUtLS0tLS0tLS0tNy0tLS0tLS0tLS0tLS0tLS0tLS0tLS0tLS0tLS0tLS0tLS0tLS0tLf/AABEIAKgBLAMBIgACEQEDEQH/xAAcAAAABwEBAAAAAAAAAAAAAAAAAQIDBAUGBwj/xABEEAACAQMCBAMGAggDBwQDAQABAhEAAyESMQQFQVEiYXEGEzKBkaFCUgcjYnKxweHwgpLRFDNDorLC8RUkY9JTk/IW/8QAGQEAAgMBAAAAAAAAAAAAAAAAAQMAAgQF/8QAKxEAAgICAgEDAgYDAQAAAAAAAAECEQMhEjFBBFFhEyJxgZGxwfAzoeEy/9oADAMBAAIRAxEAPwDhtHNCKKiQUaIiio6hBzh7WtgsgT1OAPWiuiMA9Y/rSUaDRE0fAPIVChSkbcd6qEIGjtgE5MDvvRRUnh+DuXFlLTsAfEyqzDpAMDG/3qEI5GcZojTzWWQkMGVgNvXv2xSFtk/aoQboUs2yNxRm32qEG61vKPZC49sXWue6DbKyEuQRlgJHh86l+xfsizvbvXQNOqRbKliwjdtPwie9annvEHWRMwNUz0nYHzikzyVpDoYr2ym5f7M8IWFu3Za83Vncwon4m0QAB861KeznCiP/AG1lmHX3Yj/LsR6gmp/J+X+4tAH43hrh7flQeQH3nyq45ZwkmaU5v3G8F0kL5Zy0gDcDsPCPkBgVd2+XAiG8Q6g5HzBxTFzmFu0Sul7jiAVQDBP4SzECfISR1inzz9bYm7YuovUjQ8bZIBBjPQGss/U4lLjKaT/EascmtKzM8/8A0XcHfUmyv+zXdw1seAns9qdMfu6TXIPaPkF7hLxs3reht1g6kuKMa7bdR5bjqBXqHg7tu6ge2yuh2ZTI7EeRHaqj2w9l7fH8ObL4YeK1cG9u50IPY7EdQa1Rm+mZpV4PK92znyFNxVtx/CvbdkuKVdGZHXqGUwR/XtVe6UwqI8QihBpYXFKFokTGBUZA7LEFWVirKZBUkEHuD0qy5lznieJ0+9vM4TKg6RsIBOlRqPrUO3awfSpXBcqvXsWbZczgAqCfJdRGo+Qk0KYCHfIORPnPekhaMqZggggkEEQQRggg7EUs9PkPriq+Sw7wnDs5OmANiT/IdTVgeXWwYL3PMhR/0n/WpqWPdFU/LAPmev3q+v8AKS2lo+LIipJ0WSsyXMOXG0qMG1o0j3g+GRsrLujR0NRV7fOthx/K24c6binQ4AuLtK9G/eU5B8qzB4bSxVj8JIJ7wdx670IuySjQ2AIpQWlgdKKrFQio86LTSjQioQyApQUmSOmaRRz0rUhIKBNFSgRn7f1qEE0KFSeX8Dcv3BbtqWY7D+JJ6Ad6BCPV3yH2au8U0/7u1u1xhjMxoUkFzjYVsuU+x1q3BYi5c3LafCD2RT08yJ8hW54HlswWk+tKnlS6Gxxt9mN5R7K2rBDJwyX2ggniGJWZBDLbW2RiNj3NbLh+Zccv4LcAQArOg/Dn4I/4YO3U1e8NwI7VPt8GO1ZpTvs0RhRTcFzlWi3xFnwlSr6lVkbKhc7xAaZUDCj1he1X6NeG41S9gixeYiXIlYDeLw9D4YxgxWlvctVhDL8+o9Kg8LebhX920sh+CN4MAAA4iekgAk9DinNp2izxqSOa8l9hOHtMly81y60lQjL7tQ6sykXACZGpCpE9TWm5byCzbF4raW2NQbRpEjUHtzJ6hgTPYTAmtF7Qoyn3qEkuACoCkAwYmAC07HPpAHirLUu5aRpKDWOjairKc/mB0wfzHqSaTkyyt2xkIRpNIY4bgNPEhYLC4i3WktIOVYBVBIGpS3SNVU/N+Aji2Byurhxt+FywIOB1/iK19xBcZbmkPcU6T2IBuHOPiEbCOnamOa8BqZXKhdQ0EiMEEtbaBPcmZO3SrY52TjuhvQSan32Nu0AjaXuMLat+XDO7DsdKEA9Cw3pjhPFB2OxHYjcVO5nZP/t2Ewt1tXo1p4nylY9SKXnySjjnKPaT/YkYptJmG9q+dulw8Hwf6tLYAu3F3JP/AA0n4Y6nzqo4duKHjW/d1DYlgd+871acy4w8Nxl9WJVmb3hBQMtwHKMZedhFTeX+2JQEe6skEaTNsnEz+fz+w7VzsUVHHFLppNuru138mu/n/ZZ+x/OSt0XYCi7cS1xFsHw62OlLyrGGnSDsCGO+kR1AiuL8l4l7hMMQGu2LSCTALXBtP1rtRrpeitwlHwnr9Lr8jD61LkpLz/bOCfpp5Z7rjxcAxxFoMcfjteB/+UpXN7iV3r9MPArxAsWRPvlTib9ojOoWvci5aI38S3JH7SCuGko58JXbaa6CZlS0RFSndFPC1FK92asgMbKxWk5HzNLa2v1lpCo0XrV1HOoBm0XbWlT7x9LHEgggVS3EBzAB7AQKI9+v3HnRasC0J5jdFy9duAMA9x2XVhoJwWHRiBJ8yaZXBVjsGQn0DAmlsZ3o3QEeRxU6CannVsC4zDHiH3Eg/atj+jTh04i6feMf1YDBe+evlWPsOeLsq6CbqKtu8g3JWNNxR11AAx60fJ+Y3OHuakYow+R38/SsvqOTuh2PWjo36WeGTRacfEZX5DM1yDjh+saMfD9dIn71qOfc8ucS3vbzeFQP6Ko7k/xrJG4WJY7kk/WpgjJK5AnVJBhaSyihFHFPFiKKKWVpMUCGQgRuZnbpHrSQae4grCafy+LEZnv19ab1CDj0ztWoSIpSgZk9MetFNFQIGK6v7MciHC2gCB75wDdPbqLY8h17n0FYj2F4H3nGW9SytvVdMz+AeD1Gsr9a6vwtvU2aVllSobijeyfyvg+taKxaVVLMQqjcnAFRuAsbU1xt1GNy5cb9RY1R+/bkXLmN2mVA6Qe9cz1PqFhhze/CXu/Y2Qg5OkSjzjIW1YdzEy592I6YAZs9iAfSlt7Qtb/3vDsBj/duHYeZUgfYmuR849qeJ4l/1TNYsg+BUY6iBIDMT1I/vpSeCucSp94t91IjJYRg4B6Vn5epVSnKK+K/k1rFi6pv+/j/AB+p3bgeMtX095acOuxjdTE6XG6tnY1Xe01ibDOPiteMea/jX/Ln1UVi+Qc2ZG/2sJEsqcSqk6WXGpjGNSyHB6QQDBNdG4i2Gm22zSh9GlT9jWnFlU1fT6YicHjf7GP5jxqtwhtllA8MMejAg24gyIgZzsTiAKrbXEy7HI1KwZScrBeEld/iOe7SPhqm4Pj9YGTCIdeNzrFsJ6Ft/wB2gnEQsA/hCnpBUyDPaVnyBbvUnEMaTZpuG4jTCznSWnGGDjUV8tZLDycCrO9bt3c+FHz+sCgiDDAsBErEZ6eHvWR4bjoKt0MQpHwkiCuPwnRkeZ36S+G5iAoGoxBQMdx0k/IDPedtqRbixlWSLvN7lk6r1pkOpkY4YF0CkkkbSrKZ2MzvNWC859/aNs29SOI3IMiHBUqp8SwGHpNFw3F2rq6WMBSW1TkMH1AjMYjbOoAA4NSbPAquQCdQUF7e8rMB+sifCTJ+clnxyRkLcWuyr5n7OPxoU3Xti4sAXLdly+JEGbqz6EfKlcH+jizvcv8AEN5D3VoHyPhLD5Ga1fD8OJz5ZgwZ7kb5Gx9cVPsW4x9myPKCNh8jQxxjBVFKv772UnO+2VXL/Zjh7QUJbbwkkH390sD3EtAOdxVsvL16m5/+27P11EVJUeg8un3E09b/APH9mmRbXRnnNvbIScnsh/elNTgEB2Jdo30hmkxIBionF+znDXU03LIK9PBbX6aU/lV1dGPWmEtxnHzU/Yk/ejb9yiZkrv6POWsCq8OAY3gn7kY+lZTnX6MeIGeHW0yjYYQ/WBXWzPf+/SaJCO/9+hmrxyNEPOfMvZzirB/W2o/dOofaqi7bI3EV6V5nyKzeUhkBkdAp+cEVyD2x9lBYclReA7tbQqd9mtx22OafGdga9jDxg4+dNVJdYkSfPFMgiPPvTCovhL722DoxVh1HUdiNiPI1Zf8Art8gy8z6n7kyKqyBNKWqhJPEcS9wyzTGw6D5fzoiB0ptWpQqEFTQmioZoECNCKVFCKATFgUVChWkQHFBVJMASTgCirb+zXIBZQcTfA1kTatmPCCJFxonxdgRjftAlJJWwxVuiz9heRnh/evcP6xkQafyKzaiG/alF9IPetzytM1j+QcbPElT/wAW26jvqUi4PX4CPnW15TvWLJJvbNkI8dGn5cmR6isfzhT/ALBxAIzNwH0F1wZxgyN62XB1C5tYNk3LhzYuKRcCrJtsZ1OY/A0zPQ+tcz10JSgpRV8WnRrwSUZb8nMOX8ztoPAbLW91DKdUbgFwoLYxk+kVoOTe2aWXDizbJGr7+f8AeCayvtF7H+7BvWbyC0TJ96y29M7iSRJJnYdab5L7I8Xfhp0WyQNbBvFn/hJ8T+WADO9NhDHmXOEv+DZVHTLTm/NhdTirgAVXkBRsXeTCzv0EDyrcc49oiJS2p1AAajgyAoJCnbJGT32NQ+V+zFnhV1CWZZ/WtGudjoYCLY6Ep2yxiq/mN3SCdhJ0DYEnxMzACYyMdk2wabjxxha7FTly2U/HabQAA0yALhBB8Su5AYnHXAicjIqtN/cggnfGc5nInqT5Zp+/eLGZJ/ex8z67mPrURs9j8gPpirZJe4pBrdMg9Ij1E4PqBj/WpXDEs0Ek98TuMEgd+4/pTCqOs/efWrbg+GAI1kDornCMdtLNsCY75wfCclLpjUPcFbIdQewZSI0sNywPmJYRvnti/ThXCv7snUviAB7Dw/4d18iD5UOC4U4t3JOk6rZI8QMyBMeIn/m9WWre0oBRhnTnw5m26mCsbggeHz85rPkpOkXTD4PjbnibVIKB1Jg4KkkT1gqR8xV1wvMjBDiCqg48+h+tUNi0AjjbTDd4UOC6fIrEdm8qs08/xMi+oNuf4/wpX1HHplZwT7Ro7D6tid4me1PwBvWet3CASpO7E6d8IGA+Y/lUtOPMLqWSRkgYBA6nzzHpWvF6jlp9mOeB+CxJny/0/wBKau3AOufME/WCKZRmjJz5Y/8ANI0lfIT8s+R2z2p9leFD2sHGx9cHzBFGpI/v+e9RQ+dLLpJyOqk91aBB9Yp9TFSw0SkYGqv2g4L3tsqU1COniIPRtJ3z2qdbfyg05dtqwggEedXiyjVM8/e0PKgjsFKNETpLgiQDDI06DnYxvWadY6V1z9JHB2Co1HS6glSwYyI2D5I+U9K5LxCgbGR6g/cb1rjK0VkhApYxTU0sNViqHaWCKbNyaNTQCOhqMmkqpMgb0kGoQcNCaRNFNAhj6BFBaOK6GmIL32T5dbZzevCbSEQsSHfopHUDcj0HWtLzbmiMSTcWcjxBlI8hpXIrI8DzfRbNp7YdM4J0xO+QJmjb3LZtvp38FwQf8LqCD89PzrHkxybfsacTiuywbmeh1dGl1YOrAEQQZEaj5dq6t7Pcyt8RbW/bwGwy/kcRrQ+kgjuCK5XwXs5xDwWAtr+Z2GR3VB4m+kedan2etnhZSwxbWQWa4ItuwEAKBtuSDPSJpMoqqNDlHVHVbPFIi6ndVUbliAB8zVbe9rrlwleDtyMzfuAlYmD7u2MvnEmB6yKz3Dcsu3yX4u4FRIb3SEQEJcC5cd8ZKEBACfECT0rYcHYW2ALa7kMCcE7aScSFQEAD0O8kZpVEt2VPC8hAf3zoGvkMWcqvhbA0WwpABkx4YEhiTA8Vzat6TvJwSSfMlRk4Xck9dO3whJDWsdTjyGM7dBIMSPrG7bPggRmZ8hEZ85BGe3lVObYaIPMXBABk4UxsSv4cfhncSQSWHqMJ7R8SS2kHOB6lstGMAyBPYfXX844kKpIJzJLZkn556gbYBJ3IB51x9/U7OJ7ajmBJmBnP2z1jJiWY35dfxHOOsD13k52o1z0+Uifn/fzppLMDY+m+T3J6z2/pUg29APhjuSNTEntqIAHmTVJbYUhVhEJjT3zCn/oOv6VruR8CQJV/CZDW2a3ctkGRABg+oEdJnasrwrEETMfte7E/ukqs/Wtpybh0Ya7bBo+LxabgE7MdTI0dm3iBFImy/gn2+H92ANgPgWdhH+7zKgdR4oifhGKmWAARggAmDBkgmXBEYYNB88Eb0bN4YYa0xJAKOg6MV7DqwkRiIzQtKyxJLrtIGSCDAOYDDv6/hYhMztqrJy8gu8PpuYmLtu6kDI1FTcQ42HgeD/8AJHappE+7A394VPyRgPuR9aaS54YiWQ9oJUwTA6HYx3XpuFW2UKTtkhSOmkBWI750j6VV7Wyux60xKsRiXKr3iI1fOR8lqQpAHkAPt/QVHstgnoGj6CP4z9aebp5z9W8P/d9qnkFFjaXr5x9DQYZMRiPv3Hbz9ab4d8x3zT1yP76f0x9q3wnyjZlldke5JBGBP5sr5TnHkQf9KKzPwmQRsCdXrpO7DzMHvS5xnpIMYwdz9p+9Nls6ZJgBlPcbSOxB6dJ8xV0woeRpHT16fI7g+VPC50/81Ae5mfxdYxPY+dAPP9/wocy3Bsg+1nCq9lmOvwgkaZI8y6T4hjsa4dz5FDHwpAMalQJv5jB9IBrs3tBzLRbbWJWDnvjIEqZPpn1ri3POLV2JB9djnzjc+cD0FbMLtC5qipLUYNJAmhWgSOTSkam8mjBoBHw1AGm1NKFAguaE0gGjmoQycUYNWt33RMXE92fzDaiHKiSCpDKeo3+g3+VbOQtRGOX8tu3mCosz1IP26n5V0PkXsZZsDVfPvLhGEXUCBGcLL/8AT6U97IcqRACwMHYAnxGRA02zrfbbUAMz5a7huGuvhFXh7YOYXVcPrBGknsSY38UVmy5X4HQh7lWOX3XgaEs298n3UjvpQu1zpv8A5qlD2ctse8fE7G4RP7KAqo8vi/eq4HDooMORsCVZQxP5Xa2siJ6Q2cldzYcLw8rIEKOunRI7lrhZjI6kyd5GDWGUmaIpGe5ZaKDTi4gacqQJyD+JgfDM4gScya0dt5bVuW36yuSqx0if+Y0j3YALTAI6H4gJjxnxECdyT5Ada7iuJS2sNcVfzEQkddK6j2ySZJ+kqbbGIuDcCLl8nJZj1YnPckmAAOgAEAVXcXxygQJOkBiBAgbSxwowMDrFZvmPtLbSAhViJIEjeQRsSSB4hG+R2rNcdzrjHAVNFtVEAhJMSd9ZImCAcfhG1FR+QvSLnm1q7xDRdurbRpItqS7AEbMwgDAJMbSc9TS3bnCoxDuo0iYZhqJHwqtpZYYEydoAiRmk4rgOIeS9+4fLUY/ygAfaq5uTMuzDyj+VOUY+WV2zSHnNuZtqNOJJUj6a4jvMz07k1vF+17l9KW106s5y+d8AQIwFHTqTJNU/BOT42LR3JP8AWn1NwfCAPJVCgCCe3lRUcftZPuLvk/Odb5WOpYFgo/yQwjzf/Sui8l4lbiggyfw3CSW+TNrHy1mfKuPnh3b4pOTknbuft9qv/ZTmDcLdWdXu2IDKpGDI8UEiD88/Os2bFGS+0cjrHD3XGRE9FYyHGMxpBVvKG9eoc4W2oJ92NOSHtg+DufDkKesbHPaoVvjVj3iuNBI1KwAU9wdQBVvOYqbcYq+oCQCIx4lBGx7qfywI37VznGgvsUy6STMDTv1WGldWcquc9tQ/CJM2/CwmG8+huDSw9AyhvLSRTwIncQYIzO/4T8uo6DpsGuKulQWaR7o63BzrtFWDie4B1T10naZEV9IoSjcGkR+SR/hWM/Iin5z5AZnu2gg+gEn5VFawQ7AGZCx6gsGPzVx/lqUkMB5iD6Rp/wC/70FQGPdSf2R/2n+dP3Hx57fMQQD6g1G4dpkdiB6+G3P3p1SCM5DBT/miI+kzT4OmKkiPd4icrOxI84IlCexB+UD8piHxnEyEYAwDIMQdLDIYdPMdCq9qqOce01nhb7Wbx07NtOWnS4AGUYCPUMO1Z3nHt4LZPuhrB8UMDAOJ0+oJxtIHetChkl0iy4LZu7l8d+kzjpv/AH5GqbnPtIOHHjAnYH8JnbURm2Y+RnBrFXvb/wB4sRoIyCsiRBBGdjsekR9c5zDnUyC2sN3ESPIbIe6jwnJAFOx+nlf3Ankj4LX2g9pPebl0J6SGUx0kRq/xT61kb1+TvP1H8aauXexJHY/z/wBajs2a3xhxWjLJ2SRcFGLgqODQmrUVJQuCiN4UwDRNVZBJXvxEdKMXxUIClUvkw0TBepXvhUQGjmrbAOLdDYYdx3FXvszyAM2pSVSfESQAcbCd/Sqjk3Am4w8yQAMljGyjqfISa6v7OezZtos+EsAZ3cGPwD8JH0GZO4p+SaSBFWyZwuhQEUAEgeHMlcCWmDpkgEn4jGCYq1sWy0ACBG7ARGANCkZHkF+8yfD8vVNoH4iQFLN+09xgRsTsMTiJy+yBpEfvCd+n6wvM4iJBPTG1c+ckzTFMbsgsQyzAwtxoY+li38M/tNJzSrlsE+KCyxMk3dJ3UHWQgbrGmfPrTty/jE9pEsW/ZTI+vwjyqFxQ0gavCsnTbXLMT+E6YJmMqIB67ElV2XoZ4m4oOppuMTALP8TDoFtqFkGPgL9JzFV/GcMxMsVtGDAUrqAJnDGWBknYoPI4qULRLe8ZVDkESCNQUbIHx4BOylQTJ+GKbKNOkELMl2GSBIAAaAcnAncKSYwoN10FIpv/AEcDczkSYPnCjVLuxAyzbHbEgMPypY2kn4VE/CN232yBJ9diJvhbXGCFGRMEkscE9jpEx+2B3FMKsLqPxO2onso8YX0AAHqx71OVlqooW5QNUScET9MCfXBjyzvVdc5RsekrPpJJ/wDr5afMVprzhcDAkD/x8o+hqp4vi9/L+RyPnn/KKiZVlVe5SgExnx48zGn6Ex6Uxe4ZVxjb76I/1PzqVe4pif78s/UTUU22J+v3o7oFkY2xSCKmrwbHpUqzyVz07fcgUtwQUy/9jeZ6h7tiZUAA9B27afuvpvWptXBMaSJxp2B6SgifksROJ3rLcv5IyyQMwCMdRnr6x86vOHuasASAfFqk6ZxOrdJ7wwP3rNmgrsfF2ibcSVJtwxAg2zB1CZIkbHtPhJHczUm5eOkFBrIhlBibiD40P/yATjHixMMRTbRqGoQ+yk4LYzpfZjAncGBuOj1oB1e22oEE7SGQ/CLls7wfqDg9gq/co0K4MYQCdI06STmLbRmd5QDfP8l2xLMs/CUKkbiQJny8I+lM2bnhIYTmGI2LQIdR1W4sGB+IEZJp6zhiZwzBSewcEAeY94QZ/bI6VIx2yjeiVIIcdAXX11W0f/vNTBuPMj5BTI/nUSw4aCB8QDHywi/WBFPo4k94H31R/CfmKuvgrJGS/Sj7Nni+G97aWb/DhnUCZe0ZNy2APibwSPP1rhr3JAg46V6k1RkdjHy/s1xD9KnswOEvi/aAHD8QxwNrd6JZR2VssPQiul6XJf2v8hElRg5pBJpT03NdBIWwzQotQo9dWoFhg0YNFqFFqoUSxyhRBqOaq4ksIUukzQqvAli5oTSZoTR4kOj+w/EqmQFAJCllAIBxCPdJC5/LJ8xnHQ0u+GQcH8eSDHZom5H7IgGuQey/OP1imAxXbUP1dpT8WlRADRsBHma7FwNwMgc+ImILZn5DB9BjzjITlQzG9BLkTDR8wznf5Dz9d5pedtIAHTYd4Vdz+8fM5GCxx3GOSQgzsSSQBPcrmfIR5kb0q3b92kmWY/SSdlXoJ+u571jkaEKuXYMzkjJmMZwPyjGP3Z2U1HUjL7eEyx/CnWB+EGPX6U0X1AkHUZ0z0JJAuHbIxoH7rAQM09eC6ghyDLP56WRQp8vEB5iRS+i6GgDpnKu4AE7os/8AV4gD+8OgEs6BEDCkyc7naM7hVBUennUi45OTuYHzYkH6An6VFuPJI6Bh89Kq49PGSPlVbLUNcS2qSfX7eH5iQfkKgcZeOoDvJHlBGPTH2qVdb6T/ANOP4L96h8QJYRuB/wDb+ZP1FFAZC4p/4n74/lVZfdRBbqZ9e32NSeacUiAksJGicjZirfLBNZjiL7XFyQAJYudgI8t8YAGTTlFlOywfmFtQZGQuDByQqkx5yTUizzVS2gLJgtt0EzHpH9zWeuqBpJadKABYAJJEldyQQPiJ/ZAFSLLknA8OA3iEKogDVGT0AHU9DFXcQaNly/jEcsCvUACMSfPyjNWPAcxVgxAiFGWGkTqgHPQx96yXBcSERwYANqNEAQXLAgHqYYA1ZWONZrZZ5mLYeSqrpDAtd1AwNKrqA84ocQWafhuZH9WCNLMmpViD0Pz8J3FQzcJuLKiSNW7JDSRcCusgZnwnrM5qB7lUvvcF1tT+6EhgwKCSDbIAwIIj9o9clF7ibVu81ldPxtcUAGTrUG5piYYeGcAme+6547TLxnTNZwni8EzJ2IEmBIK40OcfDA74IBqRw9xC22QAGBBypgahOSokCcxIEkVUcNxaRnxbAGSGkdDq6+p+mKmtxAntqkDVMEnGT8OrMZaTPXY43HdDZIn21PQqVZcTnYyJ6OpBIJBkTI38LtiCCpJ2ME7wCrAE9SNUz2AOdWa9HMCR1yOqk4JUkZmdoEjBAmaTcu6IlsSoBEkFDqUj1Ac/OOgxRq/xK8C3t3YCyfEQNX+GNZj/ABg/4hT4fbOSZ/5VAn08P0qhucd4CfxBpMZyBBK+uhR/ipV3myhgZHxt/lkafrpH1oojgaEPIjaSFHkP/wCRNRedcvtcVZu2Lom3cAB/ZJJ0svZlImqizzhcjVkzntIAx51ZWuPVuon4j5ROD6CKdFtbKPH4PPPPeT3eEvvw94eNNmGzofhuL5EfQyOlVZFd1/SL7MDjbGtB/wC5srqtGYLru1lu87jsx8zXCnO+CCCQQcEEbgjoa7Xp8qyRvyY5xcXQmRQ1CmiaANaaKUPTR00DSgaFAocoxSA1KmhRBUUKSDSqFEBNEaVRTQoNj/J+YFGGjcGZ6DtArsnslzsXl8RkqvjY+FQCSAqjciBkkjcRP4eAcPcINabgebMpGdsLGAvn6+e+9UyQ5EhKj0NbVIntsO07Y/Dv6mqzmNxnJVTG4Lfl7x3MTMbZAIOTgOX+1T6V1NFtfiOdTTvp8Qlz3xjGNzqOSc5F0x4UABdlkE27ckoLhMDW2kuSAAFQAdjinia2ao5E9FqkKRAgL4F+QAP+vzphbkgHqU+8LPzmPpSjxCk7gABiST3BZiT5ACqbnXP7PDoC0yUZwB0AiZEyJGKzfTk2O5JItmuE/Iz/AAj+f1qNc4hQWBOQy/WTA+o+1ZH2k9uUSBahiATIIiRtnr4gD8q5/wAX7S3nLSxMlTO3w6o2/emtGP0jltip54o6fzP2itW1B1CdbY3wFkfUkfWovKebteHvohNKhZxqIBk+mRmuYcq4Z+JvJbyRI1bwFEaiSAYwN66g4CoqIAFCgDJEKNpj4fmRTpY441oUskpsqebM5ljJwBkwCBEYBxtUFLXVn0IF1OzsW0gZhF6sdgO+/apnE2MTII/cLg+pDGoF1iobSwAKEFQuRJkHJx8JHzNZ4bY96RI4i0ARaVdACgmR8IKNcbWwMACST5ijW2yrcwSwKRBkaVDagqyfI4BEd4w5xjuF1kHxArgwCqKgBPfdszu0RTfC8vBIXWDB0zsTc1FTEmWgoZbruo/DTeKKWTERMghtIDsW32kRqWZYaRMdRip1i6zK1lM3QEcFgUHxp/vJBIBtk5I7TBmqU2WAUW9YZlVsiY1KA2obCG+k7d7A2ld1u3GkwFZAsaf1bEe7cQY94ZBPVvnVUkR2T+Y8MTYaNRJLOHSQye7QGFBI+L3ZXaASCcip/FJat22LNgObQwpIJe4FzvpLAmPLtVXwPFWteh9ehCWtuNWmJXUj6RIBU6SxOQ7HFPXL6Nd4gqvgKBYuWnYF2Ooug94cqCYJAy59KNa2S9krgeYkAA6pjBXKt5EGY9cD5VOPMCNUExGSGtuMzK3Fb4R5k1lLdy4FT3pDMyK06vin8RYSCTE9DnNDiOIgjDeREyJ6BgcelZZY9jlM0d7mKgQGC4jTmI3gEYxmI1R5CajcX7QiCC0EgycENMiSO/fv6yaynEXz2MfvR/So6h3O8LuSw29MwT50FjsLmXl/2iZpCjxfXeJ6eX9xUa7xrHNx9M6SAIBkEk4G/wAu9UnEc0VfDaIgSGuEZn9nOT57etRF48knSB0lmyfUnrv5U5YPgpzbNNb4vqARGNTnSDncDJ/hvQ//ANGbfwFmOeo057yM/wBKzyqTBcnP9f7+tSLXDmQCCMgTpjcFh9J6+W9W+mgWaHh/bjmCmRdSB+F0tsAJ2kKGIxPxTv2qm9teJXim/wBp90tq9A98EJZL2P8AerPwOIysmRmSQ1FYss0RMk50mQskwxGCuAKsl4WQwZCwg4AyceIMB18JFXhP6croW4KRz+Zo1ml8bZ93cdPysQPScfaKZVq66Vq0Z2PLR0lTTlArYS0qaKkg0KIOA0c07YsBkuMfwqdPqBJ9eg+dMVVU7IKmhNJoRUohW2hJFS2v5qPYESabJqqKXRYjmjAzvp+EdJ/NV5Y56bVj3Ay986r7Hcr+UmdoERtAP5qyNL1Gq8eRFKjbcV7V3Pd6NZz8RncTievU/XsKznM+cvdaSTAt+7En8JJYz82NVTOTRUFGKC5Njty6Tv8A3kn+dNUKtvZrlQv3PHq92g1Pp3PZZ2EkRPqelWbK9mq9kuCS3w+vxTcBLFtgoMAqseIk952PodHagKvYwADGSepiZPnt6xUU23uAMygLgKsYJ2UmfiVQBAyCcmYw7buAa2AYhQQrEwzloBaRldR8x4Y2/DgzS5G7FCguNtlpiYHeSJ8g2B649KoeOGDqyviAHUswKgKJ7t2x51ccS6rhie0LiWz2Jb5E9NtxVJxfGqsyGgZaIJgbb7eggUmC+4ZLos7drVauCZcsLaLOBpY3JE7A6gJ7Kvan/wDZQC+TITQIJA/WaWnocFyQYmFPei4DS/EDV4RbR2cqBg6bjXIB28Fy2B6gUVriPeWrZBKPeNtowdAQBCCewE7/AJj2pzTF2hrhLepgD4RbB0hZAIVjp8TZCqIySDqadyal+4JHhmFwWJMTMKp7tIyNxM42MfhroYKVRlth8ZyAjlQPP4V+o71I4jjFDBQMADTjBPjJY+bMCo/dntQpsl0OLb95aNtnCpqW4AdDamBIcgacgaSekegIMlCxdmnSTOg9YGnSwkQNgsD19YPLrajxEsSqn3a7ljdIVPXxTHmSdhUm+7NAtyCHCkzjSSpYqe2kOBHQt3oU+gjHPrQ0JcUEBRpJ1TlwpnMjcgdRMVSBzEfeI/hWg4+4Dw963JIQKVEDwqrW3xM5OgGe7Gsz7zOAx6AAdfnuftQ4WG6Fe6BO2fqaZ5zeKWyoG/h3gLIOe5P0qfZg+EGDqhiGSfNQxJ079B9Nqhe1VkhEcCBggRAI8WVB8RBgwTEwTgVaEakAzAz4QYjf6mrzl/C+ICM5EMOnpvHocSe1U/L1lp6T/PYeea1du+LCe8aSGJC21wx/EWd5hV+RJzjBp2S+kSPQn/ZVJE5BiY+JRKzIJxucR+AYqZZsi0CxAAHh+HV0BE6lg9Nu3SqYe1fvLgS5b02z+UklWggEzAZdhEbCrSSdGkmY+IbFVL76hkZOQKU1JdkTT6LC9fAMKoKhiYgfnJAyQIycbGcjIqGbF5r4S1dCqraSSSQWZyfEgBLASFg9jnrUfgOKXUHIwrBmJBIKrBeIO529TUnkrJZL8Tc1EW4u3C0DXcLF0QAmAWfp2UzvQ2WVFD+kLl6WOOdELEabeosunU4XS7gftMpae7Gs4KXxfGPddrlxtTuzOxwJZiWYgDAkkmBimxXZxwcYJMxck2WPKUDXACARpcwfIVGXb7fSpPJQDftAiRnUO46g+VXntxwNq3dtvaUIt1CSg2BQ6ZA6SI+lI51mcff+A8ftszgoRRAUH2PoaY9bKo0HA8md+BuXhcA0qzlIOV1AnxdDA7dKohXRGte55VeMf8EJ83Kp/wB1c7IrP6eTkpP5G5IpUvgITQnzoAUWmni6IV5dPhpqhQpQtgoTQoULIFRqpJgCSdhQoUCGv5B7CXrsPeBRIB0ggMZ21EiEHrJ8q6Ny/wBm0tW0EBB0VVLk9PADlj+0RntG4oVgz5ZW4+DfixxSsf4jghMkHQJx+J2iACelsCf3iSTAqt44ADBIzuBgfmaT8RAbt8TD8pFChSLHtaM9fbxORgAsg/5QYH+Cqd70FSo6g+pBx0+5oqFNi9ipFxyzi9K28y5tXXjHjuX7ui3Plo4ZTHmKXyxFPvicJ7z3AJ//ABy7lh/guE+pHejoVoloTEl2A5Uh4Xwsf3SGZhPlg+oVDQv8KMSdIYaipxpBV2VT5hVPpFChQ7LBXDB1A/hZT+4mt/D+1JiO09qsleNB7y8ehg/TH1oUKqFEOyy+7uTsUEk7YYA/L4SY7VS8HwBZ8wFEkkwcgbdgZgTB64xR0KDfFBStlqnAHZdRKuUYLCtJXCLmLXh8/DJLBancRwKXBGkNqKIX3hQBNuyDAjCiRLMdIiAYFCkym0xqgqM/d9mbVm6TbJMHxWmBIBiQqmZOM5B6dxMXmPD3bhwuZiSYk5+IxnfziBEUdCmc32ycEtIrf/QTbK3G1XGBB0oCFgfmc5+g+dWvAcPxNy1pThrjFJEgYGsyok4MScTgZ9RQqSyvyBYkiXy/2Yv/APGm2NyqjU0xMwJAPXJ+VUft2L9u+eHIK2UCtbVQQrhhIuN+ZzMEntFFQp/o5csqv2E541DRmhZb8p+hpQ4d/wArfQ0dCuvZjWifyi0wvW/C28bH1rbfpH5UUs8M+lgQzocEQGUMJ+amhQrn5P8APFmiG8UjB+7PalW7R1Jj8S/xFChWjJ/4YlPZ0f21U2+WlZEPcsLpxOJY7HbwiuasaFCk+njUPzGZJcpAFChQpxQ//9k='),
(3, 'Petit', '90 rue camille courbel', 'Petit@gmail.com', 'mdpmdp', 'Clichy', 92110, 'France', 675721097, 'Visa', 2134567890987654, 'Petit', '2019-07-12', 879, 'data:image/jpeg;base64,/9j/4AAQSkZJRgABAQAAAQABAAD/2wCEAAkGBxMSEhUTEhIVFRUWFxcXFhcYFhUXFxUVFRUXFhUWFRUYHSggGBolHRUVITEhJSkrLi4uFx8zODMsNygtLisBCgoKDg0OGhAQGy0lHyUtLS0rLS0tLS0tLS0tLi0tLS0tLS0vLS0tLS0tLS0tLS0tLS0tLS0tLS0tLS0tLS0tLf/AABEIANEA8QMBEQACEQEDEQH/xAAbAAACAwEBAQAAAAAAAAAAAAAABQMEBgIBB//EAEYQAAEDAgMEBgcECAQGAwAAAAEAAgMEEQUhMQYSQVETYXGBkaEiMkJyscHRI1Ji4QcVM0OCkqLCFBZT8DREg7Kz8WNzk//EABoBAAIDAQEAAAAAAAAAAAAAAAADAQIEBQb/xAA2EQACAQIEAwYFAwQCAwAAAAAAAQIDEQQSITFRcaEFFTIzQVITIkJh4RSB0SNTkbE08ENiwf/aAAwDAQACEQMRAD8Azy9MeRBAAgAQAIAEACABAAgAQAIAEACABAAgAQAIAEACABAAgAQAIAEACABAAgAQAIAEACABAHTG3IHM28VEnZNloxzNJeoyZgUh9pnn9Fk/XQ4M3d21OK6k3+W5Pvs/q+iP10ODJ7tqcV1K36nfexc0eP0U/rIcGR3dU4rqcz4S9mpaey6P1sODDu6pxXUjjoHnS3mh42HBh3dU4rqTDB3/AHm+f0Vf11Pgye7avFdTv9Rv+83z+in9dDgw7tqcV1KtRQuY0uJFhyuh46C9GHdtTiupQo6gSC7fNIl2rSi7OL6F12TVf1LqdPktwKjval7X0J7pq+5dSpU4o1mrXd1vqrx7TpS9H0Jl2PWir5l1/gr/AK/j+6/y+qv3hT4MX3ZU4rqWaLEmy6AjtslVO1aUN4voNh2PWntJdf4LMswbqld9UfbLp/IzuKv7o9f4OG1bSrrtel7X0DuKv7o9f4O2TsPthM70pcH0FPseuvVdSzNCWt3rgjqR3nT9r6FO6qvuXUTOxxgNt13l9VPeNPg+hfuire2Zdf4Ov1yz7rvL6qvelLg+g3uKvbxR6/wRM2gjJtuv8vqpfadK2zEPsmqvqXUt1GItY3eIJHVZUXa1Ju2V9A7qq+5dSj/mSP7j/wCn6pneVLgw7qq+5dS5BibXt3gHW7kt9rUk7ZX0Duqr7l1OWYs039F2XZ9VZdqUm7WfQjuqr7l1IZMfjbq1/l9Uz9fT4MjuyrxXU4btFGfYf/T9VHeNPgw7sq8V1GtNMHtDwCA4Xz1WynNTipL1MNWm6c3B+hIriwQAIAlpfXZ7w+KpU8D5DaPmR5o1NXLujLVcSKuekZVZWPCvlRFziSUnMqbEEsU4OTlSSJTLLWAaJZY7YxBJ1PkFKIM7ikwMTh2qKmiL045nYymBybry0rDU11NLpuDsN6oG6UiGJsXZduidTdmEpfLYTRwudoPp4rZGE5eFCFBvYaYa0x628VFTA1J8DZR+Ralioc52iRPAVY6pX5GiMot6njxZizWd7Mc9BRJIQVojFGSrNoZU1XPKNxuivZIwyTuVqzDHx5uUOQ2jG7OII75JEmbr2iQ1dCYyHKYzzaGB7jRwEkaVsyDPSwkG1loTQD3D492PPks83dgV435FOgvmKsoVK1MoeRMVUQa7DBaJg/Cu/hfJjyPOYvz5cy0nmYEACAJaY2e0/iHxVangfIbR8yPND7ORy42yPR7jGOjAbmqORNhdWMDc1ZMhoUSVlirWIGOH4iHZFLlEsmN4XhULHdW0FpUogyGKRkMcq1XoPwvjMi2TdkaVkirxNmK3RpnkuaCEhCGhXXzWFjZdLBYZS/qS29CYq+5Jh+z9VO0OZHZp0LzuAjmAc7ddlrqYylB2/wBFxvBsJVHV8Te9x+ASX2jD0TCzG9H+jo/vak/9Ngv4uJ+CXLtKX0xJsdbR7GQRQ7zKktdymLLP90tAIPiOxZp13V8S14ot8TKj55V4Y9udrjqVUV+JFk+z9TuSWPFBFWN43Rq8VpRJHfqUGanLLIxlixxvwVJI6PiiV8QrN9trIjGzMD0Zxhlbu+iUTjcgb7jHZpWqAr4hVBrbBTCLbAUUspWyESkj2o1TGVJKMZoRBrKIeg3sXdw3lR5HnMX58uZMnmYEACAJKZt3tHNwHmq1PA+Qyj5keaNzSUgYuC3c9NYlmsBmhAZ2ufvFNSKMWS04Km4EbILaKAG1LISLKjRZM6qJXgFVRIjxOoJiNwqVtjThfGZZzLrCpWOu4KW4+opbx5m1hdUim5WRirQsxdhTmyVALxvMYHyvH3mxNLg3vIaO9dqvL4VDLHkLNHR4jXT2kErGB2gsLW046Bciy2BZmr3H8dZXwt3nthlbxLSWnt0UaEq5LWbQysALjFC13tvcXbt+AaAN496mMXLYJyyrUty7EidhmdI6V7mbwc54zBFwGtGTepM+HJCviQf3MfSR/ZdG8Wcwljgdbg/mrSjlt91cVJWYtZhjXEkag3Cqy0ajWg9pPVsUFHuZraKisS4KGbMPPSxn4yBqqszy3OnNaUXZB41pAyKLkFeanJ43VlIk8gjsU+m7lJBUK8iqO4CoRBraL9m3sXewvkx5HnMX58uZOnmYEACAJ6EfaM95vxCpV8D5DaPmR5o34bZcE9MK8TqOATIoo2KJFcggcoA8QBPTDPJQwHjaQbt5Tujz/Jc6tjFF2p6voKniFtHUT45FTvhe2Jrt8Alpvkbag3WeNerJ2kNwdacasc2zPn91Y9MWIpDuPA+6U3DtKtG5nxEdLnmyMPSTPab2MUgPY4tC3YyX9NczHHXQ1GI0zXwNpruZaxDufXcLHSqqHoLq0HPZmywzF2spWU+cm6zcu6xJysTZTOvmexEMPlSVxTVYa2qhbeMSdG4gtPGxyI68vilRm47DpwjPcaUNRLZjN1zGNAGdw1rRwA4qJSlLdlo04rSKE+0GHOjlkka0mOQh+8BkCWgOB5Zt81ZzuknwM1f5Z2ZlqaqAkIVnsLsN2P5KCCvibQ5ualK7GQlYSPwthTfgiXU1K0mC8iqukyVNFWTCnjRVcGWzIgfSyN4KuUm5AWm+YTqRWRDUapjIR7Gqohmuw8/Zs7F38L5MeR5zF+fLmWE8zAgAQBLTOs9p5OB8CqVPA+Q2j5keaNLJipdkFxVA9I2VXEnVXKkb2nki4EDgoA7p4HPNmj6DtS6lWNNZpESkoq7NJh9A2MX1d976clxsRip1dNlwMc6jlyEOO1xc8i/otyS4KyJgtBZEZHA7jHG/Gxt46LRSg3JMfTi3JC6twX097pImA5kF9y13HJt8k90m3odunjIqFpbnVHhEe8LzixyyjeR13KPgsieMi1axf2Qw5kbJ5Bnd7mNP4WE/MpuMk8yjwXVhTXqOqMNeAHNDgOYWQblQ6ip4o43ODQ2wubIKMp7LVkbC5sj2tDs7k6FBA5qpfDgRoUFoHtNMS0gZ2OnUUqrFyWhi7Shmgmt0zNbU7KxyNMkTTFKM/R9Vw4+jwPYopVZxeWWxzqOIlFpT2MVWTvpZjE528LNc11rbzXi4JHA8O5a5aM7NOiqkbosOxNr2qY7i3RcbnDSugtjmT8TPd4qbFbh0hVXFEqTPC/mFDgiymxbi1rZBUyWGxncR1CqxiBhVUDNbhh+yZ2Lv4XyY8jzeM8+XMsp5mBAAgDphzCrPwvkMpeOPNGswembu3K4kmelSL0kA5KlySGVgHBFwKha08EXYETn7ps3QObfsI/MLHilmjyF1o/Jc0NDAXguJDGNF3POg6hzPUufSouo9DHTpOb0M1j1U2Nw6JgZvZh7x0k0nWyLRo6/NdKnQjE3RpKKM3VzvPrkn/wC1xPhG2wHfdOy2GLQovqfxH+ENYPhdFibkRmvzPa5x+akg1WAm1EOt8v8A5CsuId6j/Y6FPwntBVbt7mwSRmYaR4wxwLOGhugruXaOjpGemRGOtxFh/MUFbHUuJw1T+gppgXtG85zPSa0DIAnQ36kWtuTfgVMUhkipXueQHB7MwL8SL6plJJysxNdXhqKKTaSZv7y/VfLwff4p7oxZhdKIV0sFUQaiJpda28y8bgBycDbxuqypvmOp1alPwso/5LY43pqgE6iOazXn3Xiwd22VLZXroaP1qatNWK8mFzMf0b43Nf8AdNgT7vBw7FujJWOdOLcm0QTRuad1zS0jUEWPgriiMoA8KgBdimiq2NpqzEtSlMectVUDNbhP7GP3V3sJ5MeR5vGefLmW1oMwIAEAdMFyB1qtTwPkMo+ZHmjT0k24AFwT0xadXhQSVpK4KbEEeGN6V9h3nkOapXqRpQzMpOagrsdGKKAF1rk6uOZP00XIvUxErGTNUrOxI/Fmvp3NtnEDJbhIRewt1EtNupdKlSVOOU2UoZI2Fj2CIb7jvSuF3yHW54DkE3YZe584xCq3nu7T8UElQPUASNKANRgU4dSlgObJHX7H2ePis2IXzX4o20X8gywRrQ4lwB5X5pJcqbRYEyoc4kua/g9mvY5vtDz5K0ZtEOKYqo9gI3evUX7Gm/8AUclfOiuX7G82Q2ehpL9EDmAC52rrcSqTlmJUbFjbYWopPeZ/3BTS8RSr4T5Z0q1GYkjntoVNyLDHDK7Oz82k6cL87c+sKSC1jE0gY1u84ta4uG8S4i44E6DihK2xCJsYl6WmZMfWbYE8wTY+dim09XYq6blohDdXasZ2mnZgEuo7RLU1di/FhksdGo5SaZslFJCWpWhlCNqqQzXYT+xj91d7CeTHkecxnny5ltaDMCABAElP6ze0fFUqeB8mNo+ZHmjQmI8lwj0pFOSBohAUTm0qxBZwPE2U8Ur3HO4tzNhoO8rDjKUq1SEIiKlOVSaihXVbVumexu6WtJOpHLLROp4J0E3e5op4b4V3cZSkuiNiRdpGRztxVixzHO99MQSbtHm3I/BSBgJ3+ke0qCTyO50BKALsVO7kpIJ8HreiqHRk5SAfzAXHiL+SriIXpqXA10XoaOmqLFYRw7pZt6yANBQAcgggYEoAz238hNJutBc572iw5D0j8FanJKV2KryUY6nyyphlZm6NwHO1x4haFUi9mZYzi9mRRzq5YvU0uQViB6KgzNADLi1u02spKnlA/pYzALAuc5g3she/G2mah1PhrM/QHLJ8xSrcOlgO7NGWHhndpH4XcQmxrwq/NBmepOM5XiVlL1RVOzF+LOyCQqSi7miM76CadWZYga5UYGxwg/Yx+6u9hPJjyPOYzz58y2tBmBAAgCWl9dvvD4qlTwPkNo+ZHmjYGfmFwT0pWlkaciFIFIwtsVICfF6MikkeNGyMub/e/wDSIr+tGX2Zaiv6iYrwTD31ABbGGtb+8N83Dg0cVXFYqNNZd3wLV68Yaeo4FQ6EbkmRAJ7RnmCk06imroXGSkrokpi50Z3CCCDlzvrnzTCxTwzZlj3bzyescfyWSticukdzPUr5dETbU4dFTtY+EEXNnNJuBl6wdrrw61fA1XWk4TLYWo6kssjGVtc8kjeI7Ml03GMXZI3ZUhcXG9wcxmD1hDV1YsafC8XEgzyeNRz6wuVVouD+wyMrj6ixEA6pJc0tJjDQ290AWX7QNANyMvNAHzvbPal8sjOjcQxl9DbecdT5W8V0qNBQhea3/wBCqlpaNEmz+NucQ1xuTofvW1a4aX61nxeEio/Ep7eq/g5+Iw6SzRHGL7MxzM6WABjyL5ZNceII4HrCw0sRKDtLVGanXlF2lqjE9K6NxY8EOBtbrXRjJNXRuTTV0bjZyP0Wq5DKlPSFlRK45DpHFnYTe6x4mf0iK0vQ1u3Um9hnTAXMfRydxcGP8nE9yy4OWStbiZaS+ex86ilDmhw0Iuu2nce1Z2KOK6KJDKYtc1UHHIgCgDU4W20TB1LuYbyo8jzmL8+XMtJ5mBAAgCaj/aM95vxVKngfIbR8yPNG0laFwUj0rKNaI2ML3uDGtzLibAIAwuK7aMBLaePe/G+4Hc0ZnyVcxbKKjthM6MwyNjMT3Bzt1pDgQLZHezyJyUOTbuStD6Bs1M3/AA8bWvDw1oAPMcD8u0FcvExfxG36mHERedvidbQ4f/iIiGW6RoO5wvfVpPI/JRh6mSX2ZWjPJL7GSwPEnRO6N4ILTYg6ghdVHQaNdTyA+k3jr9VmxFDP80dzNWpZtUXpYWSsLHi7SMwudGUoSutGjIm4u63Pnu0WzLoTvAF0fB4F7dTwNO1d3D4uFdWlpI6tHERqqz0ZnTTuHX2LZZmg86LO4NiFEoKSswsWoq+Vuo3usZFZJ4L2sm7LceLy8GHvKosDL1ZbMz2Srkd67suQ+a10sLCnruwvxF9R6Z3Wi5+HaU2fzaIqxhhsBY6MA57wPnml1Uo0ZJ8ClSyg7n1bCYCIW34i/ivLyepwpbnzz9IMAZUse3VwAPaNCujg3eLXA3YV3i0azAoNyMF2VhcrYOPKWIyXdb2L/P5rnYqXzmWu/mG+Lelg84P+hJ5G4Wel5y5iYeauZkNmqR0sMcErCGlt45AM2E3Iz4t5grtRbRvlFMRbQUb4nOY8ek02PXyI6irS1QuGjEXSqg46bMFBJqsNdeJh6l3cL5MeR5vGefLmWU8zAgAQBLS+u33h8VSp4HyG0fMjzRr+na3Urh7npWZP9JVNLLEwxuuxl3PYNXHKzuuwByS5FkfM25qhYnbDdSQaLYjETE90JOXrN7PaA8j4pFenmiUqQzxsfQhLkCFzjn2FuN4K2cB7fRfwP9p5j4LTSxDjpLYfTruOkthFTVclO7ckBHwPWCt8ZKSujWmpK6NLR1weLtKTVoRqa7MTUoqXMYR1F8iudUpSg9THKDjuIcZ2Xjku+EiN+tvYd3eyesLbh+0Jw0nquppo4uUdJaozGJYJNA0PkYN06kHeDep3JdSji6VV5U9TdTxEJuyKDWhatB50COfmgDroweBPiozR4kXR6ZA3LIdWismvQnka7YvABJ9tKDb2RpquFj8Y5P4cdjmYrENvJE2VdVNiZd2TRp9Fy0rswpXMaMPNVUCeQWa03Y08TwJ6guvhoZIczoUVliNal299k3T94RwH3R1lNnNRV2XbUVdmhwbD92NziM3DTkFxak80rnNnLM7i7GWn9WSRjV7RGO2WVrB/3JlFXrIZS1qo8jpugtH9wBvgLLsHQF+0OByVj4zAzefYtfmALDNlyeOoVlK25SUW3ofMcUp9xzmOaWvaSHNIsWkaghDSCNxfuqgw2WDj7CP3V3cL5MeR5vGefPmXE8zAgAQB1HqO0KtTwPkNo+ZHmi3USOceNhr2BcRWSPSPU8jqnPb6XM27OCQXMhtLgvRnpox6BPpgeyT7Q6lBJQphf/eqkD2VxieyVurCCescR4XUMEfRsOnuLXyIu3sK5taNpXMmIp5ZXXqMad17t7x2pLM7PJoWSDde0OHWphOUHdMmMpRd0KZtnnNO9A/+F31WyGLX1GmOIT8R5HWyR5TRuHWMx4halKMlpqPTUloMaWua71XA9STPCwltoJlQi9tC+KhpFiMjkQRcEcjzCzSwk14RLoSWwpj2ZpC8utkfYv6I7OrqTZV8Uo21LutXSsO6SggZ6kcY/hF1jnKpLxXM8pTe9y83dHIeCXlb9ClmQ1PRkWe1juogFMhTqfSmXjCfpcjbUtY0Mjbp1WHcE6ODnLWWgxYeT3KE53jd53iNGjO3Y0LZToQhqaYUoxOm08smQBY3+s/JqipiYQ5hOtCI1w/CWsA3rZZ26+ZPErm1a8qjMVSq5samYWNkmxRxa3M9jUm7HC3lIxx/6YLh/VurZhFercfh1edzyJjpSHuuGE5u59i6TZvsa3oWf4Z7IgPVuPeb6Qvz0RGVpJkSV4tGBx/CRiUX+KjaBNHdsrTqdzUtPFvGx0TalPMrrQTTrZZWepgX07WkgixGoWFuSdmdBKLV0N6MDcbbSy9Lg/IhyPKY7/kT5ky0mQEACAO4vWHaFSp4HyG0fMjzQ6e1u6cuBXBex6ZbiZ8maoXJmODhYi4ORB4hBBjsXw000mX7Nxuw/dPFh/3ooAincHsKkg0+y0+/TMPFl2/ymyy1o5k0WnDPCw+EuhCwHOsTyS6OGh+PFSVsWIZ1BFi21wOoBUbbEarYikwqB+ZjF+YyPiE2OIqx9RirTXqeNwQD1ZHjvv8AFNWMl6ousS/VF2kwLfNumseF2DPwIWmniIz02Y+nVjPQvt2Ufwlb/Kfqn5h1iVuyb/8AUb4H6ouFidmyY9qXwA+ZRdkaFmLZynb613+8/LwbZRqRmjxFuIxt6boo2tZGxoLg0AXLtL210WLFTfhRnxMnsjzeDchYccyALc7nXuXPk0txMMNOfoRPkdlvC176kWz32tva/Fl8+YSnUT8Jup4WMNXqcscfSJNy7M9vG2QyV4p+pjxU4zmsopxQNfMwO9VouRzJ07sl0cGrJsbhYaNmiopWltrC2luHgthqJ2UrmHehPa06FACCuoHQCSWn32usSWXyvyI0LevVaadVNWe5kqUXdNbf92M/tXse+opHV0Ld2RgBewavaAN6w4kEnwVMQot7ajMLnitXoZzCb9DHfXdXZwnkx5HCxv8AyJ8y2tBlBAAgDqL1h2hUqeB8htHzI80Naljiz7Mgv1LDxZp6J03tcl56c7PKepjBtZkZ+SQhxDgWu5OBB8Cqkk8MqLhY7xBjJYnMfmCMuYPAjrU3IsYaUOicWP1H9TeBCCDS7BPuyUcn/EfklT3GRNKMjbwWGtGzuY68LSvxJojcFveO1KM7BkllFwaPYMYj39y+fl4p0sPUjBVGvlfqRYaxzJBUtxTIIsW4KixB5KydtSVpqMJ8UqC77MixsRkLDMXB7j5Lu01mimvUbKtq7tnpr6gggnss4C43759ZGXcmfDkU/UU16nde+Rz94OsN1twSeBJJy6kWvqiMyjaMtWxY+lcRZ0t8syLk6Wve9v8A2oat6lk234bEHSfaS8bBjfBot8Vxcc/ndhsH/UjmLE7t5xJFwc906A3uAeYHdmubGlK2rNNTFwXh1KNXibAbF28RwGg49ydCko7IyTqVKu+xPFJcA81Z6GdqxkquuLp3nhvWHY3L5Lo0VlgkdajDLTSHeGYhZOTLtGgpsYYNTZWzIrZjCLFIH5F7O8hF0FhpRyR6Nc0jlcWspIPkm1cTWVk7WABofkBoLgHLvK9BhfJiebxnny5ilPMoIAEAetdbPkqVPA+TG0E3VilxQ/ipI6hzQM4pQ/Th0YZYb3W57j/CF5HPOdRwWys7/ZnsXaK1VnsaKrpY5bMexrgOYv5rUZxZUbFxPzie6M8vWb4HPzQSIsS2Uqoz6okYOLDme1pQBktpqcPbmN2RmgIsbcWkIuFif9HrD0cjjo54t3D81SZaJqZ2pM45lYipHNGxwx3FYXoc5o7kPHn8VBBlYHkOceO8fiV7SjFVMPGD2aRR7jvEax3RxgEje1I1sAvISjlk1wZWbaV0X8CqzmwuJsLgnXrVGEZZlf1I8N2q6SUt3LMvYG+Z6/yV5U7K508R2ZUo0lU3Xr9jYRy6H6ac8/8Aea6mF+ajfgYI1LNRfqdT1JaNcshflmO7S6em0XcYvdHNfU36Ox9hvH1jd4Atx5qCxKXXFtes6d35JlODk/sIr1VCL4lKlk9KV3/yOH8vo/JcLEu9RsmpvYymObQPke5kbtyNp3SR6zzxseA4K1Okkrs9H2X2ZBwVWqrt7L0INmzeTd79boqr1LdvYaEIwqxVns7GsxKqEUT3/dabdug80inDPNRPLpXZ88w+stk/Tny/Jdaskmdag242NPQH4JNxrRWxXE907jcz8FeMblW7FSku43cU5JIU2x9SOcBZriMrZHmpdlqyrdtRJWscHuDyS4HMnU5cV28HJSoRa4HnMVLNWk/uQrSZwQAIA8ebAnXI/BLreXLkzVgnbE03/wCy/wBmv2co+ghDL3JJIH3d4AkdxXl4QUXf1duh6zET+JUlLi2O6ZiaZxlC3JAHkzrBAI+abdv6WZkYNiLm/HPQeSj7k31sRYXEGtAS2XQwIUElY5HqKzVofUjLXp/UjtZjKZmdm5K8c8wvWdmVlOgl6rQrJF2qH2MZ5OHmF57E2+PO3FlKi+Uu4cftB1gjyWdi6L3M1RDdPuuI8DZanqj3zgqtB/df/D6dQz3Y3nYZ92aZgsTGldS2PCTpqccrdmtizZrhZwbzzsL9q6H6jDz9SsIVoppNP9yV8jBbNmXq6EtHIAXPBQq9Gnq3cvVp1Jq18v7/AMHH+Kd7AN/vO+TR8ys1ftLMrRRSlSp0nm3ZBHFutLQeZJ5km5PiuTJ3d2Xbu7nzadhilex4IO863WCbgjnqtiacUz3WAxFOVCMk/T/Brdk8PLA6V4sXCzAdQOJKz1Zp6I8/2zjo4iahDaP+xXtljIeegYcmm7zzcNG93xWzBUcvzy/Y5VODWpm4ynYg6OH2LVLjZgNjmw/0349iREdIma8OJde9zr8FohsJnuW4Jt05q5Sw/wBn3GR2/wCyMm9Z4lYsXV+hfuZMRP6UUcZ/bydvyC9J2d/xafI4VbxspLaKBAAgCWlBL22FzvC3bdLreXLkxtDzY80bqmpy31jd3HkOxeaR6tkzqxjeN0OQKJJFio7O0IzBlOq6rAYXdSLhY+T1tWXymTruOwaJiWlhLetzRtYCGvb6rhcd+qTJWZoR3dVJIpG3UMk4a62viss6LWqMdXDtaxPJaRj7FzQVWnVnSd4OxlfA9qqQPjLNOXURoqJ63ZBHh1C9rgXWy5FTJoWoqNxBWUT2TPaGmznXHfmtEZLKeswXaFN0LSdmkbjDriNoPJZmeVlqy+wqCgroXXqpOxXl4UNl4EOnJYsjLkMCN4b6zgMuJAy7zohX2RK4IQ1W1sQeWMuRawf7O+chlrbrXRpYCSWef+DdSwrXzS/wYPEqYsccz+fFaMxosgon5JNWVxlNWOa6HeyS4uxeSuSYWwxgtJuDp1JqncW4DOmhfM8Mb3nk3iSpnUUVdiak1BXZvcLgDQ1jBkBYBc20qkjm2lUkIscYW1EgOod8gvZYGOXDwX2OXiY5askUVqEAgAQBLSv3XtdycD4FUq+XLkxtDzI80PKnFZJCd2zR4lebUOJ6nNwIgJPvny+inIgzsjp8QeADIBbmOHcqyhwLKZLtJiW7TBoObzYe7qVENSJuyMYmiRlg20DYmmCYHdB9BwztfgRyTJ0nNZomlK6uhsKyJ2bJGEe8PgskoSjuiQdUsGr2jtcFVJskpz4/Tt9sOPJvpeeiYqM36AJKzaR5P2LAwc3Zk92iZ+ji/ERKip7ou0W04yErLdbdPArPPs9/Q/8AJmng39LHlJikMnqyNvyJsfArHOhUh4kZZ0Zx3RfaAeSUKLEaCCZjlKVwtfYrUuGysndI5vouGVsyOohPlRnlWholRnlWgwJ7fApDhJeglwkvQljpXO4WHX9EyGHk99BkMPN76Hz7a2aqbIWT5R39Dcv0bh28XdRXWwtOlBabnToUqcFpuKMIg6SUcm+ke3gP98k+tPLHmMqPQ8x8eksQgoUKVU3GwPMQkI0VYlpMp01ad9u/6txfsV3HTQVKUrOx9Pomsa1ojaPTtp181ijGU5WOWoyqSszY4PRhluJ5roU6agrI3QgoqyMXtR/xc3vf2hejwvkx5HncZ58+YrTzKCABAEkDbuaOZA8SlV3alJ/Z/wCi9N2mn9xzJhr48x6bfMdoXlaWLjLSWjPQwxEXvoMIXxdC9xPpDQfFazQLKqMBlur45/NSBla6rLyG8Ixujtvc/JVSsRJ3IFJUqYjASN5uZGo5hMhNrQbSnbQXuC0ts12ON0clS7Cx21VuSe7ym4DCgwmaX1WG33jkPzS5VoxIckjW4NsvGyzpT0jhmB7I7uPekTryloijk2aVtMw8Ehxi90KlCL3RPHRs6/EqvwYcBboQ4F6BrW6ABXSS2LqKWxYD1a5IF6LgVqipsoCxjtqcdja0xloeT7JzA6yoba1RZIRYK5tvRAHNWzN7hN3Yv2gGaCgsokuY2BziOirEtIVEJoo+o7FT9LStt67HC56hl/vtRCKWwpQUb2PodC7RMJMFtR/xc3vf2hd/CeTHkebxnnz5itaDKCABAEtJ67PeHxScR5M+T/0Xp+JG6ippDox3gvEKhUtsdj4M+BDXYLvj0mFp52Pmrx+NT2TLRVWHoxFiGHSD2suxPWLl6oYsQ/VGQrKPonetvXudLcVqo1M6uOjPNqRAppY6QB4yKMn02bwPI7rh1g/VWzSWzGQqSiSfqqlOYlkb1ED42VHVqcB6rI9fQ0UdjJMc+Zt8AqOrU4E/ET9S3SV9Az1Xx35m5PiUtub3DMuI0hxunOk8Z/iCrZ8AuhhBXxnSRh/iCgC/DUjmPEKbkWLccw5jxCm4WOzWxt1kYO1zfqpKlOp2ppI8nVEd+QO8fBqmzI0EeI/pFgaPsmSP6yAxvn6XkrZGRmQpwLayWrnLZG2YW3AYPVIIF3XzIzRL5Fm3F1JtK5X2vg3XE2zabEIbU43Q/DtTXMXYPW2dbmqRQydLLqS47mrCRXSJcxkDnENFWJaQqJTUKNNsNi4ilcwn0XjzH5fBSkyHqfWcF33gOIIBzHZwKsirMttKLVU3vf2hegwnkx5HmsZ58+YsWgyggAQBNSShkjHONmtcCTyANyUur5cuTG0PNjzR9UpKkOAc0gg5gjQgrziPUsYRuugClilG1zTcBRKEZbopKCluj5HtbTdHKBwINlFKnkuhahlEqaWOigACAJKePfe1v3iB4qs5ZYtkSdlcWbWUpAabWDSQRrbSxJ46JdOWZXbLU9VczBCYMANCAOmsb97yQBM0j/Ud3XRoB2JmcXyHvKNAOhKzhGXe8SVJBIOlOjQwdgCNQInxtHru3jy1UAbv9GmGvcXyGPdad0NceLQbm3Vos2JrKMXFbmevVSVluNdq6MPfM4Zgn4AD5JtCLVKKY7DNxjE+fwuLXdhUHUkroYV8280KxiaKlIL6Jc0Xi7Deh2flqTaNhPNxyaO9TGJWUjS4R+jKIO3qmTet7LchfrTELbNth2zVHEPRhY0DjYKW0ldlW7as0VKIzpZUjUjLYrGpF7Hy7a5tq2cfj/tC9HhfJjyPPYzz5cxQnmUEACAO4IQ9wYdHENPY7L5qlXy5cmNoebHmjV7EYZUUkb4ZnBzGuPRG9yG30PLhkvNI9XJ3Zr6eoUlTqsrmNydvAH2reiL6XPsjrOSkg+X/AKQm2maOo/JSisjKgqSp0SgDy6AOopS1wcNWkOHaDcfBRJJppkNXVjS4zRR1Me9kBINWm+646tPWDwK5qz0Xb0ELPTMHiGy88dyy0rfw+t/KtUMRF76D41ovfQSuBabOaQeRFj5p6d9hu50Hj7iCTtsg/wBP4oIJWzO4RDwUgSB0x0AHcAgC9QbOVVQfRa4jmbhviUuVWEd2UlUjE2OC/o/jjs6Y77uXsju496xzxLekdDNPEN6I3tFg00kMgpy1rwy0e9k0u5ZdXnZRRo5nmkWoUlJ5p7GCfiG4HRTAskYS17XatcNQV0Ezc6bvoYurcDI4t0ulvc2wvl1JY4t6wzcSbADMknQAcVJkm9T6BsxsRYNfUjrEY4e+Rr2KbC7msxPE4KSO12g2yaLfBDaQJXO8Bk6WNj9d7PxQiGW6953gwaDzKxYqbvlMWJm75QY7d0WW7Wxmu1sYHaN+9Uyk8XfIL2nZ8s2Gg3wObXd6kmLlrEggAQB1HIWkOGoII7RmFWcc0XHiXhLLJS4GidtWSP2WfGzsr+C5ndj9/Q63ey9nX8BS7VbpJMRPL0gLDwU92v3dCO9V7Ov4L823LXMLDTHMEeuOP8KO7X7ugd6r2dfwY/HZTUva71d1obbW9uN1K7Ofu6EPtRP6Ov4Fv6v/ABeSnu9+7oV7zXt6nv6vP3vJHdz93QnvNe3qefq/8Xl+aO737uhHea9vU9/V/wCLy/NHd793QO8l7eo1weRkDHgsL3vIz3rNDRw3LZm981WXZuZWcuhK7TS+jr+DttXbRtu9ZZdia6T6fkXLHxb0j1PJahj8nxtd2gH5IXYsltU6fkqsbbZdSjNh9K7/AJdo7CR8ExdlVV/5en5LLtGS9OpwMKpf9F3/AOhU911f7nT8k95S4E8VFSt/5cnteT8lD7Kq/wB3p+SO8ZcC/T1NOz1aZo7x9Et9jTe9Tp+Sjxze66l5mPgfu+wb2Q8lXuJ/3On5K/q/sTx7StGsJPP0x5CybT7FUfqv+w2GOhH6L/v+Bg/bwhm7HAWnnvg5dllo7tfu6Du9V7Ov4MZtgBXTNmA6J+4GP9rfLT6LsrWNsu4Kr7Mfu6DqfbagrZOv4EjcAt+8/p/NHdj93Qu+3U/o6/gt4bhxhkbI14Jb1fmmR7OSWrEvtdP6Ov4NZiO1Ez4wyICM6F/rG34RlZLfZr9JdCq7VXs6/gx1bhT5Td0xJPEgn5qvdT9Z9C/fC9nX8D7A8Snpg1oeHNaAALEZDrun93q1rlH2tH2dfwaQ7ZtI9KnJPMPA/tWar2Qp/V0E1O0Iz+jr+CF21gP7k/zj6LO+wX/c6fkR+q+wgr6jpJHPtbeN7XvbLmu3hqPwaUad72M05ZpNldOKAgAQAIAEACABAAgAQAIAEACABAAgAQAIAEACABAAgAQAIAEACABAAgAQAIAEACABAAgAQAIAEACABAAgAQAIAEACABAAgAQAIAEACABAAgAQAIAEACABAAgAQAIAEACABAAgAQAIA//Z');
INSERT INTO `acheteur` (`id`, `nom`, `adresse`, `email`, `mdp`, `ville`, `codepostal`, `pays`, `telephone`, `typecarte`, `numerocarte`, `proprietairecarte`, `expirationcarte`, `cryptocarte`, `photo`) VALUES
(4, 'Muller', '67 allée du lac supérieur ', 'Muller@gmail.com', 'eastpak', 'Le Vésinet', 78110, 'France', 682281902, 'Mastercard', 1357909876543212, 'Muller', '2019-07-11', 881, 'data:image/jpeg;base64,/9j/4AAQSkZJRgABAQAAAQABAAD/2wCEAAkGBxASEhUQEhIVFRUVFRUVFRYVFRUVFhUVFRUWGBUVFRgYHSggGBolGxYYITEiJSkrLi4vFx8zOTUsNygvLysBCgoKDg0OGhAQGi0lICUtLS0tLS0tLS4tLS8tLS0tLS0tLS0tLS0tLS0tLS0tLS0tLS0tLS0rLS0tLS0tLS0tMP/AABEIAH0BkgMBIgACEQEDEQH/xAAcAAABBQEBAQAAAAAAAAAAAAAEAAEDBQYCBwj/xAA/EAACAQIEAwUGAwgBAwUBAAABAgMAEQQSITEFQVEGEyJhcTJCgZGhsSNSwQcUM2KC0eHwcpKy8SU0Q1NjFv/EABkBAAMBAQEAAAAAAAAAAAAAAAABAgMEBf/EACcRAAICAgIBAwMFAAAAAAAAAAABAhEDIRIxBBMiQVFhcRQygbHw/9oADAMBAAIRAxEAPwAyMVMorhakWvWPKRItTR1CtTxipGExrRCLUMdFR1LGSItTolcxrRCLUFjBa7CVIq1KEpNlKIP3dIpROSuGWlZXEFZKgZKNZagdKpMhoBlWhpEqwdKGkWmhADR1bYRPEFH5QdeVwL1VY2ZUVnY6KCfXoB5k6DzIoLjnE3TBnFoSFljw7IeYDFW1+AFLI9FQVlP204ghyqNLXuumjXIJ+n1rPYKQE71S8V46xkZjlbmbX0vtfpQi8YANwCD0615852z1McVFGnJF7jpe++lzRUOMF/LreqId8YhIguVve+lx0qlxnEJ2NjdRyFFtFOj1Hh3EVZWIYFvDp1sRcVpBOroWUg6cq8l7OSTi7L3RFjmR8yk3GuVhflatnwadsqxoLZmGbUnQHzraMrRlJFp2nKjCHMCc1lW1rht1OvK4rA42EKxUZtDY5hlNxzHVTuDz6AivTeLwhoWUHUAkaXsQNK8zDytCe+bM8cgTMQoJWzGxsBsSfnWie6M3FVYG1REVK1RmqoREa4JrtqjNSI5NctXVcNQMic1EalNRtSERsajL1IwqFhUsLHzUjXNK9ZtFWPauWFdA0zmkMjpU9qcCqJGtSp7UrUNCOaVPSpAKmp6agBUxp6VAxqVKnoA9sFSrUS1KteoeYiRaIiqBKIiFSUFRUXHQkVGR1EhoJiFExih4aLSoZaJY1ohI6jjohaxkzeKOTHUMiUTUMlJMpoGcVA9EPQ8lbIwYPJQklFyUJJVkFPx9bwSaA2UtY3IOTxWIG4NqHwE5n4bhw6qD3SiRbbKRdSi9dARc2AverWYDntz9KAw3DBGEhBFhlVgpuFBJa2+nhO3K9qma3ZcJUjzjiXC4wgjRLN3rMx9osLAL4tNLDYC3rVfhOBrJNFHYrmdQTYktc9BsK2HazFqsjKlgNVsOnT7Vl24xiI5O8w5CMFyhsoY6kEkX2Og19a4pUpHopNwNHg0QSyxgXXMygXvoGtQE2EjDlSMtySobUH/NUfD5sR3oJkK3ub883SrhYM6kPI7sSSCzElSR7tzp6C1O7RS0F4XCZdvltWg4Jh2R8xGm1/OsbhuIyRtkfcc+o616LwaRWjHPT6/3qoUKRYhNwef2rDdpUiEcYitZixNtbldCxPMnMPlW6Egtp6Vj+0PBcPGFSK6ELnClmYMPeZbk7aXG431F7aWk7Zi3oyTConFEyIQSCLEaEdDULrV9iByKjIqZhUZqWBwVqNxR0GDkcZlUkf7t1o6GGKMXkUG+mY2IPoDfNp8alyoL+DPMK4arfFYfDsw7tnA95ioKL56sLD50DxHAvC+RxuAykahlbZlPQ0oyUugcWuwJhUTCpiKjcU2iSJq4qQ0xFQxnANdUstK1SUMK6tXIrsmrRLOTXBNdE1zSYDUqc01SMVKlTXoCh6ampUh0PSpr0qAo9uSpVqJKlU16rPLRMlExUGpqdGqRh0dFx0BE1FxtUyGHRGiUNBRNRKGs2aIMRqnWSglapA9Q4msZBReoXeo89cM1JRByHZqgkNdM1QO1WjNkchoSWppWoWR6tEkMlBwYdU71wWzSOHOZr6hQth0FlGlESPVVxaUhQw5MPkacloI9nnva15O+IIOrH6mmiWOOLO7W5DmSR9qsu2ykvG9tkb4sOf2pRcCwsOGL4lu9mdTkXXLGbORpz1Q6/auGvcz0OXtiULYyMgeK1jfXfferHDcVwwIu5Hw0+lUixYfcirjBLhyyrk36gc9KzTdm9aCeLSQtlUMpzAlWU3s1ajsRiLwkHdWtbpWbxfBsNIgZEyuVLgrpqvtC3PmfhUvZnGmJnVtDmW49QRcdeVbJUzJs2WIxRUqeRI+flQXbnCtNFhRCSMR3y91l9qx0k+FgCf8AjUmMa+l9vF+v+KXY/DHE8W706phIhbp3kisAPXxMfgKc3SJqwPtdwB1KSopbMMrgC9mA0OnK2nwrJSLa4+le7cYWNY87DQ3sOot/4+deUdqUjLJILfiq23RGyX+hH9NZ48j6YPRmHqTD4dc1nvyFhvqLgHQkXHIAn0GtXfA5cLh3Ms5BJGWIFcwR2075hzCb26msxxPEHPMCblJLZr3zx3ZWJ6kuFLHnfWjLkaWh40pPZYyccyOI1vksBlzgkWGgQk2v6MapppxJI5OkkistiLZW0Crc8iANepomWIEBifCxZRYnw2NtQN773N9/K1D4nD5H7mQ+EqHjk6IbeLTkDuOVrjUWO+Xws+LBHNL9sv8AbJU4Obiuy04LFG7bgWViq+FL/ls25OW5IuDcb0XiXUxpDORlsTmyhZoGuwJygkuvh8QOvPci9esZGZSNdmJBK66ljYXBOhzKCDvYbmbEcMlJLySi7gBiLs5F73CKgDNru1qylmxcFxVM65KLxpJbK/iPDJYXMbrc2uCt2VlOzKRuKjwPCpZmyqAOpc5QPXn9K1MHE1lzQShkjLHuyD+JEpACjMNxYCq3FcFlwzho3/DYWDCx36G1iegI1pepZyOFFPxLgeIguZE8I99SGT1uNQP+QFV1brgvFpHBUgS5FADKoDJYWGZLklDbcXsTqOoeJ7LrPmmwsiAEK3dMbWLEhwCBZSGHs+e+1TysfGjJUxqWWIqSrAgg2IO4I3BqM0wODTE11XLU0yaOaVNSvRYUKmpU1IB6VNT0DGpUqVIBUqVKmB7SdalRqGD0u8r1qPJsMD1Kj0ArURFSaKTLGNqMiaq+I0WjVBQfG1Eo9V6PU6yVm0UmHB66D0Isldd7SGFZ65Z6EnlOXTeuYXOXxb0qHYQz1C71w0lQu9MLFI1DvXTGuGamALLeq/HRFkYf7ob1astQmMXp3oKMnx6NS6XF7OFI30IVj8NTVRxKdmJQa5Spvy8CRo/1kep34iXieYj3JSOmZc0JHqLg/EULJiLlmHvCe3pmRh9q45NHXD7lO+GuWHUfXb9Klw0fijb021sRY0zTDMCT7QN/v+tDRYsBVPRgP0rFVZ1NmnhclUtvqVPSRSTb4g2t51xiIFLFk0OVXXzXMLr8D9KAh4iFW/Rx8jz+tSTY4JIoNrDvlPpoR962szZc8Q4ssYzHXwjQakm2gt1vYVrOwEDYeAq38fEN3knUM+6/0j7V5FxHFSOBKCQFYMPgd/K2/wAK3+D42Y4opwbs6A6m+XMNQfPf6Vhmm7Q4rRqf2g8S0Eae6oFtNWYgAH5CvM+0szo0cpB8SKmFjtcmNf8A5nH87lnUcwwPSr3tJjCmEWWS5Zz3rW0JBsEUEjwn8QEf8KreNccwc2DHdQFZo2WNJXOdkw+U2N9LsFGX4XrOL7Y2tpGcxmOZcoc5rXzvkVwsh9kLmBHh/U1BFe5JBJ1vp/EZyoLjXVSCb68x8JIeHYiRTNHG2RABoQAAx0Wx9onUnrQ0T7lRkZOQAJFjd7BthubX0G2mgX5NnBxV1olmDxgqpDLvexY5QSLkbgaWzjpY66VHhWOxbvGtZFUE78hcX5nTz8qnx0WfuzHdW7sd0L2zDM11DA+F8xYWO+ljyrmR0BKhmAOjZlRHJG6vlHW/61tPycrxrE5Pj9DNQjy5UWOEiuIxozRizaK6W1ATUWcqrWvysttr1s+EYZXjCgcyLk+yOXmPvWEjxShcqny0NiP9H2rY4GXBmKF2V4pHiBzxXCZlJR73OUkMpuCL671yO32bR+xxx3s+QpYc9bj71QYTHPlaInKIomaQm8gk8QF8htbfYHlevRsG3eR5GIYlcyMo0lQ2GYA+yQSAQSSLjUggnD8QwYgxQLi0cgaGQ8lWUAZj6HL8jThJxFOKeyDEQWMeKwbDvUjQsgBAl8A7xcp97e68/WrTh7xl0x0IvHMe7lS/8OZreFj7pJsL7XKnZiDmJkkw8jQvcOjFTr02I8joQfSrzs1OqTWf+HiwVYbDvhy09nNffq4/LXQ6aMUXE3C8LiTnZc2eyObZJAy3CM3NdAVYdUrDdq+FphsS8UZJSyMpPmgLC/OzXFehS8OkSWSdmClbCcmwEiyWEOKVdBvYOumsZ6ivNuPcSeeUu4AIstht4RYn103qMSyKTt6o4p45x8lyi/Y119H9vyisvXJpzTGtzcYiuacmlTAYUqemNACpGlStQAqalSoAVKlSpAesd5UiNWYxvHAF8O9ScJ47mYK1evyV0eVwlVmrSjILVS47ikcaE5he1VfZ/tB4irnc6UAk+zcB6ljaqM4wlgF1vVxCNKlqhoNRqkD0LmqRGqGikFq1NIxI0qAyUxlqaKCY3IGtIy0L3lLvKKCyYvXBauCaaihWdE1yxpiajdqY7EzVSca4jYZVNtdSPI7Ci8ZidCB8T/asjxDF3JHKokykVnDtYMTAT/DmJ/ocZb/OO/xoGYSIFza7gsNV1QLfy1Ub9aIwpyYvKdsTER5ZrnL8c0bD+qpMJLvEdxcD0rlSTVHWm07M3+86rrsbVA8tgwHW/wBb1ZcRw4DbD5VWtFXP06OjtWSjG+Fgdb2+Y/xReER5Tmc6ch1/xp9KGwuDvqdvrVrDyrSIqO8ZHmUr1BFH9mHfERrh/e7xUtz8ZA+hv8qGa1qC4Fxo4HGd7lzA8vy5jq66jxDUjlepyxtAnR6L2nweHxEjo+YxYdhfIQBkjLDxE20zNILi+iDrXn2P4ishlKqEjYhVU5VKRgMsYjUXzWzZieZFXnHeKx4v+EvdqsdyBqCWkCqfim42FhVFNwqQqziMui6MwULb4qR/2msZSjBU2XjhKbtKwrAcdKRLDKGIibWzWJQ20F9GIuSvKxtyoPHYpZZu9gUrfLYNu8gJ5dCCotz1qudrAc1GinZ1/luNPOxuOlqkgkGrKST+YgeAbG2pux2vyFS4q+R1fqsksSwvpB8+Rw+GjS2QllOYuD4j3l77C2W1tPBfnU+EwxYo+Us3s3lVZC9rWt6dSTpQHDYgytqwLMFGXQZALsGPL/FevdmOz9oC9xmkW+Y7xAAZQoIItYE+dhXH5vmR8eFsjHBSZioOEtZ1eFT3gDJmRGK2O6kNmCmxFtedWWKwM755RaNUs0cIP4LIbBhBsEINgYyAx++r4ZwXD94kpugDtExkZcwlaQFGVBooJO4I9sedWXGeGRtmSdcoP8Qi6Le9lmj9N/mKjF5d0309Dca0jF8IxGIjwzKq2ZZFkwyswUxE6OslyMsRBPhaza6LoKO4zhEaOJyyywTDK0oFskt7EMLCylgwGgK2t0qfETZXaWRSZMzx5NLmQMFOXpmJS582J2ongWIRwcE4BSeOV+8GgMhObwdEsGyaXIiLXOYV3NOiE1ZhOK4LOwgc2mQZYpG0EyC9opDyZR7LcxpQXDcE05OEYZZd0U6FZV1Cm35vZuOoPKrvtBgLK0cgGeM5W09oAXV/iLH1qk4RxFzPGj3Mim8UnMZFLZXO7A5bfH40YpPpiyJLo1OO7QpieGszXEypNhJgws1zHnQsOudE+TV5e1bntNh5Xx2LhiT/ANzFFiEW4UFlCm4vpchn+NYnEQPGxjdSrLurCxHwrsiqRzSdshNcGpGqM0EsQpqVqJwOIVCSy5ri3pTEDU1dObm9NSAa1K1PSoAamNOaRoGcUqelQAdI99aZXI2rgg0q67MCZ5mO5pI5BuKip707YqPSux0pkS53Fag6VluwEdoiTWmlcCujs5Hpiz12r0PmvT5qVDTJy9dE0MrXqZjpSCxNLaug9DMRSz0wCw9dZqC7+1M+LtpY3OoG5Poo1Prt51L0CVhZblVYZTJI4v8AhxnIbe/INW15qu1uZzdKtcbJ+7YaXFONY42ex/NbwJ/1EevpVDEBBho4ydVQZid2ci7k+ZYmsPU5Ol0a8aVgfGcVpYaVl55bAnpqf9+nxoviWJLEm+nPy/vVecQ6HwqC4BNjqIjYkM/WW17J7vOssmTiaY8bkQdpXEWHwoNxioy0raaBZHLoCetwTbo1PxZ/GJk2YBh6ML0F2mg7uKIOPxJC8rsSSzA5Qt7+p+N654dNnwwB17tsv9J1H6isYXTOl1aJsXMHW9BwoNzrXXcN7uvlQymxqHt2ax0qD89TRvahsMCdaIWM71ohBDubUJEBnzkexsel9T9LD+qjsUFVQx6VUTzjRbak3PnfYfE6+gFTleqCPZLgHMch5K4ynoCRcfDW/wAq2fA+0kMHilPdMvhtlzgqdGA3zGxOht61g8VmU+Y1J/nPL4Cj4rzKoGrmyqL2JJNgL+u1xzrhz4I5YpSOrxvIlhk6+VQTi2ilkndEARwSi2ykZWXI1rmxN2028RqDEQySOSDmKqo8ZsbC4AFhyA50JDdSQdNddybqdAb+dW2Cx6o1z0FtvazC1/Kh+3SD92wbhsUipY2VVfOdRrmGQG40tqfrXr3Y3GrJhv3cyKGAtdrEKLZRa9twba9DXk6xKsoIUMhY+FtL8wGI2I116VJhMW6EFGbQZgyDMRfdCtr6ehrj83xv1Ma/kqD4nrHB8N3YljMUbQyXXJdVyOLgXA0IbQhgL+HWpO2fEHMS4RhckxhGvqSRcqwGmgG9ecf/ANZiGXwSwACxJJUEeZBNPguPEvn75JJlHhaRljjQC5uzEa2JvlF9hc2rkw+Llg3b7+F/bs1m4S6LXjE+aadYspf94tnYsbxCJQ0Sm1kL6gsfzHrReGxbzSNLGk6ZZFmAkSAWyLbJm7w3AQFLZQcunKshw/iQaeNJJbRrHNGJNcnfSI4719hYs1rnYZdqvuF42KSMRzTToww0eZo4y94+7AeZjYi9mQfXW969uHt7OeW3osuKZ3DTSNdmhgNgoULmiWVlFt7d6N71i+GR/wDqGGB5y2+asP1r1DDLHisPIY75TJIU3vkVVjQ+V1jXQ15/wrDn9/gJuMhkkOh0yIxv87UlqV/UTVxNtxLAI0+AxSsBkikha/O6+AfPNT8a4TBMAs0YZdcp2ZD/ACMNRWK7LcV4jNlt3QHhH4mHLbkanLGbA/mOgrd8Slulrgsr5HsysMy7i6gD6CvQxTT0cs40ee9oOwk0QMuHJmjGpW34qj0GjjzGvlWMr6B4XLdaw/7Uey6qv7/CtrsBOo2u3sy25XNgfUHrVSgvgg81pU9NWQhqVKlQMalenpqAFSNKmoAVqVKlQFmvXhqSeVNPwBeRo7DrltRneA16/BP4PJWSS+TMNwGTlU+F7OyE61fHF5abD4wlqXpRRfrSLThWHaFQoqzzE1xhrZbmuWxHKgVBAamvUUdd5qZI8UwU61NNJfY6UBihcUDA7nw350qHZcGnSNmOUfE8gOZPlTQjQVcdzkURhbu2Uv0LN/Di9CdT5K3WolKkXFWU1jewuNixtqqnbQ+8w2HIamjuzkRnxGUKFjTxNzJOtsxOp2qo4/je6BCm4F7sd3c+05+PyFhyrXfs24Yf3UTPqZfGQRuDtfytl08q5csqR0RjbKv9qWJRMJDCBpPiY0/5Kl5G9RdV9b1j+LYvOTrYC5JOwA3J8q0H7Wy0uLwsKKzLAjyyMFORGa2UM1sqnKt9ToCOtY7iMxS2l3fxRgg+yNp3B2UH2EOpIzHkKwU1GLZr6blJIrpXYuI1uH011vED7xH/ANhGwPs363q8wXCVSCQHlmtfX2mhjY3O5tIxvQ2GwIjEZsbvfMSbkuH1uetvtV+yDupU83U23CyKLN/S6qfga43Nyls6+CjGkZD9p+CYYhVA0EbKotb2cViFI+3wtVVwjCNGjhhbOBYemt62XaSaPFoC10mBuw3aObKok096J8qt4dQ1zqGNZ5XkUfiLcDTOviU28xtXRCST2ZJWkCLHY1NjMIrDOBrzohe7b2beo3pnXl8qvii7AsMoBPQfU9K6kYjU+FRU8uMjQAKLnmx6+XWgWjklYKqkk7Abnzt7o8zUSyRjpbCKb7BMVOWPkOR+5/tRGBwRXxsPGw8AOtv5j59KMw+BWPazuN7aop8tPG3ntU6hgGb3iTqTff8AT/Fc7k3s0SKnERchyvc9eZPqahwxs+U7HT+xo/Fm1k+fn/vT0oebD2XN8v70k/gGgowrlsBa1AygbGu8JPplPI2H9jXMuutZOLTNlK0d4WaUKT3hMYDAJmzE8rZdwKiw0UjEynMltTJe3yHPpauQhHiU2P3/AM+dTqVl8MmZiNhms4815N/u1VYUPJCoQuHFwVAK2JGY63ItlPppoam7mSVXjkZjIgXJmQESKNcqyLu2ul7361DJhCsZjTM+aRSbKQQqqSAw9WqXDoY41zO8TZvaUvmW17aKb205U7EScOnw/cSRMCZjIhUlfCYwGugPum9ib7/CjuB4uzKjZjlEkYdbteGUHPG1gb5WAI6XIofH4cTFcTZCbMZch/DkZNTKANQCLllsNQetd4Hgk+IbvBiVjdSVTN4crKdF8OkYNtPQjkal122Uvsjbfs54kyBsLLoVPwP+mhONlMPiZcTHla2aJQ5splKhpBuLgDIDbmxHKq6OWU3ixBGExCbzMPA8Y3eIrdS2XZb6nLbTQc8Ryslo2QIoyoshVnAuWLO2b23JLN5kdKJZEtFKDfZsuzXaPBYrLF3f7nilHhQMTFKo18F9CeeXfe17UuMYdkcsux1kQf8Aeo+//ivHuKK6eJRkK2YGN7gEbMLE5Texr1KftLDPh8NJ3hWTKjMwAZQxQB0ex5m+nkK6I5FGmzncG3SLjhWlh8qupsIk0TwOLpIrI3owsaocEyZVkV1ykgaE5QzaAehJsB10rR4Ha9dkZqStGEotdnzdjcK8UjwuLPGzI3qpsT6aXqCtz+1vhZjxYxAHgxC3v/8ApGAr38yuQ+etYaoaIGNKnpqQxjSpGlSAVNT0gKAGpU9qVAG6SpUIFCsa7javas8ZoixNya6whsaJKXFDNoaKHy1Rq8E5ZalSIc6B4fMQlSSzEa1NFWdYp2Hs0MuKYmxqYyG1RIutAmwl5dK4Q2PrSZaCmck+lNCbNb2diue9b2VNh5kDMx+Cg/EirDDnNH3raMQZfR5xZB6rEoH9VCSLkwMcam3edyhbmP3iQByPO1/nTcXxB7s20DSy6DkEbu1H/Sgrjm+UjqjpGI7Vv30yYdL2eSOIW3vI4S/1v8K9unkXC4UZQPAiqgOguSFW/lcivEOz3j4nh7/ndviqOR9QPlXt3aOIfusvM2U3P8rqR9q5sr2dGNaMtxC2GwpxTr30smUIrnSSWViQD/IMxJtyU+VecYPDtJDJiZfFLJJC7OQLlWNvRRY6KNgBW07W4pu94XD7oilnPmyQFVqjwsVsJIPyohHL2QLfauHLLdHZijSsEliHdXtYxtnHmDe4H1NccQlkW00Zu2QNa2hVgdDfQ89OgFE4geCTzVvoDQcmC725LsAq3UDQCwygaem/nWMXyNSqEkU+ieGTbu2bKQR7sTnQgfkbUeVdYTPHIFkfKTcXcFJBp7rbOL20LEa0H3Ydykni9lc2za/m5H5VZYKJh3kBcshw0jANrY5VsRfa1ztatGyeNlTiSBO4yZD4cy2t4sozWA5XvTNOQ4A0sC5PQCwBHU3IobjeKy4qU2vcrz/lB/WoIZSwlk6R5QP61510KVQIa2HRYNbh5WCXAKotmlZfdNjol+pqzyWHdhcqkDwKSWbzmc7j5D1q3yqVAygFViTNpexUm4PI+IijMFg1VQw3ILbbW/XTf/Txt26NSkXgee2c5RuqW+eh/wB9K5k4fHGdG20bb4X+OvwNQ8Tx8jOVBygBTprcONBr0Atf7U2IW0CX1DMLg67tVfIAU8eFVtXJN77j+32oXiUwN7cuQ3HwqWUA3IFtRYDQA/6KrZ3Nlbcttflr9aadiegeWEkFBvY39Ty/Sg4cUV8LcufMf3qXHSlT3YPIEnrfl5UCpsQRuNRW8Y2tmLey6jfT7VIYg3+8+oqow8rFxrudenyo+JzWM8dbRtDJemds7i4MkgvuM7C+nOxodYRe43686scTFmW/OgInIqIybRo4qy74HFGkwDey6lWvzDAxsL+j3/prQ4yGI4dWLsQcrZ/ZYSpl71bDTPZb5TobBhzFZSHEXR5WF+6C2FyL5jYAnoDrbn87mcMxbCZo28UcsiJIh2OZgocfldScwP8AeolyNYUXv7136gOMzRBY2X3Rr4JVG2Vsw181rjF8OmTQqQL88q/DxEdaqIIj30ozuO6vF4GKZlzEWJGuXyv9Km4NwqKQ6qpeWaWBWIv3eWASmQA+0xzZddtTuRbLHjXJpMueR10R4jhZdj+EWJ90FDmBv+RtDWexGFeBzYyQt+VgVJA38iB8d6u+K8NhOGw2IyAFg8TAC1+7AZH052fKethQ3BSxmjgV2AZ9mtIg0/IwtvbWuvG9aOaa3s0HApGmY4PEtYSJ3cjLZWUlcw09klWC8hYjnWmwXFsTw5hBjTniYgRYoAlW6LLzVrc/vWF4HKWk7xtWZixPUkkk/M161wSYTxd3KiujLZlYXBB5EVcKTqOiJNtW9me/a2gfAxyDXLiEsfJ45BoeYOhryC1etcc4NHFPHwolnw2IDSxKWObDPGfcbd11PhPWvN+P8PXDzNEpJAVGF7X8aBrG29r710qfLvs55xra6Ks0qc01UQKlSpVIxq6jexvTU1AHZkNKuKVOwP/Z');

-- --------------------------------------------------------

--
-- Table structure for table `historique`
--

DROP TABLE IF EXISTS `historique`;
CREATE TABLE `historique` (
  `Id` int(11) NOT NULL,
  `modele` varchar(255) NOT NULL,
  `qtn` int(11) NOT NULL,
  `type` varchar(255) NOT NULL
) ENGINE=MyISAM DEFAULT CHARSET=utf8;

--
-- Dumping data for table `historique`
--

INSERT INTO `historique` (`Id`, `modele`, `qtn`, `type`) VALUES
(1, '0L00', 111, 'livre'),
(5, 'S000', 23, 'musique'),
(6, '00B1', 99, 'sport'),
(7, '000C', 23, 'vetement'),
(8, '0100', 45, 'livre'),
(9, '0T00', 20, 'livre'),
(10, 'L000', 78, 'musique'),
(11, 'B000', 100, 'musique'),
(14, '00G0', 67, 'sport'),
(15, '00K0', 15, 'sport'),
(16, '000T', 92, 'vetement'),
(17, '000J', 88, 'vetement'),
(18, '0E00', 35, 'livre'),
(19, '0E03', 72, 'livre'),
(20, 'A000', 36, 'musique'),
(21, 'A001', 28, 'musique'),
(22, 'L001', 83, 'musique'),
(23, '00P0', 83, 'sport'),
(24, '00B2', 26, 'sport'),
(25, '00B8', 29, 'sport'),
(26, '001C', 78, 'vetement'),
(27, '002C', 55, 'vetement');

-- --------------------------------------------------------

--
-- Table structure for table `livre`
--

DROP TABLE IF EXISTS `livre`;
CREATE TABLE `livre` (
  `id` int(10) NOT NULL,
  `idvendeur` int(10) NOT NULL,
  `photo` text NOT NULL,
  `prix` float NOT NULL,
  `nom` varchar(255) NOT NULL,
  `date` date NOT NULL,
  `auteur` varchar(255) NOT NULL,
  `style` varchar(255) NOT NULL,
  `modele` varchar(255) NOT NULL
) ENGINE=InnoDB DEFAULT CHARSET=utf8;

--
-- Dumping data for table `livre`
--

INSERT INTO `livre` (`id`, `idvendeur`, `photo`, `prix`, `nom`, `date`, `auteur`, `style`, `modele`) VALUES
(1, 6, 'https://static.fnac-static.com/multimedia/FR/Images_Produits/FR/fnac.com/Visual_Principal_340/4/1/8/9782013232814/tsp20120918181211/Les-Miserables.jpg', 9, 'Les misérables', '2019-03-11', 'Victor Hugo', 'Roman', '0L00'),
(2, 2, 'https://static.fnac-static.com/multimedia/Images/FR/NR/bd/2b/1c/1846205/1540-1/tsp20180529165609/L-Heritage-poche.jpg', 10.99, 'Eragon', '2019-05-01', 'Christopher Paolini', 'Fantaisie ', '0E00'),
(3, 2, 'http://t0.gstatic.com/images?q=tbn:ANd9GcTTsQusoqVJByoqfH6N9QMvw-P1ItywuK3dfiFf4NuHJ8jC5lXN', 4.99, '1984', '2019-04-29', 'George Orwell', 'Fiction', '0100'),
(1005, 2, 'https://static.fnac-static.com/multimedia/Images/FR/NR/bd/2b/1c/1846205/1540-1/tsp20180529165609/L-Heritage-poche.jpg', 10.99, 'Eragon', '2019-05-01', 'Christopher Paolini', 'Fantaisie ', '0E03'),
(1006, 4, 'https://images-na.ssl-images-amazon.com/images/I/81TveXgGnXL.jpg', 2.99, 'Tintin en Amérique', '2019-05-02', 'Hergé', 'Bande-dessiné', '0T00');

-- --------------------------------------------------------

--
-- Table structure for table `musique`
--

DROP TABLE IF EXISTS `musique`;
CREATE TABLE `musique` (
  `id` int(10) NOT NULL,
  `idvendeur` int(10) NOT NULL,
  `nom` varchar(255) NOT NULL,
  `prix` float NOT NULL,
  `date` date NOT NULL,
  `artiste` varchar(255) NOT NULL,
  `photo` text NOT NULL,
  `modele` varchar(255) NOT NULL
) ENGINE=InnoDB DEFAULT CHARSET=utf8;

--
-- Dumping data for table `musique`
--

INSERT INTO `musique` (`id`, `idvendeur`, `nom`, `prix`, `date`, `artiste`, `photo`, `modele`) VALUES
(1, 2, 'San', 2, '2019-03-14', 'Orelsan', 'https://i.ytimg.com/vi/PejyoeG_TmA/maxresdefault.jpg', 'S000'),
(2, 2, 'Bella ', 1, '2019-04-11', 'Maitre gims', 'https://i.ytimg.com/vi/rMltoD1jCGI/maxresdefault.jpg', 'B000'),
(3, 2, 'La bohème ', 4, '2019-02-13', 'Charles Aznavour ', 'http://www.chartsinfrance.net/style/breves/6/photo_1538488432.jpg', 'L000'),
(7, 2, 'Ac Milan', 2, '2019-04-01', 'Booba', 'https://images.genius.com/8105ce9b527f125adf707faecd0797be.1000x1000x1.jpg', 'A000'),
(8, 6, 'Au DD', 4.99, '2019-04-17', 'PNL', 'https://m.media-amazon.com/images/I/61iuG4fhYRL._SS500_.jpg', 'A001'),
(9, 4, 'La loi de murphy', 2.59, '2019-04-12', 'Angele', 'https://i.ytimg.com/vi/zGyThu7EAHQ/maxresdefault.jpg', 'L001');

-- --------------------------------------------------------

--
-- Table structure for table `panier`
--

DROP TABLE IF EXISTS `panier`;
CREATE TABLE `panier` (
  `id` int(11) NOT NULL,
  `idarticle` int(11) NOT NULL,
  `type` varchar(255) NOT NULL
) ENGINE=MyISAM DEFAULT CHARSET=utf8;

--
-- Dumping data for table `panier`
--

INSERT INTO `panier` (`id`, `idarticle`, `type`) VALUES
(9, 2, 'Vetements');

-- --------------------------------------------------------

--
-- Table structure for table `sportloisir`
--

DROP TABLE IF EXISTS `sportloisir`;
CREATE TABLE `sportloisir` (
  `id` int(10) NOT NULL,
  `idvendeur` int(10) NOT NULL,
  `date` date DEFAULT NULL,
  `marque` varchar(255) NOT NULL,
  `nom` varchar(255) NOT NULL,
  `taille` varchar(255) NOT NULL,
  `prix` float NOT NULL,
  `photo` text NOT NULL,
  `modele` varchar(255) NOT NULL,
  `descprition` text NOT NULL
) ENGINE=InnoDB DEFAULT CHARSET=utf8;

--
-- Dumping data for table `sportloisir`
--

INSERT INTO `sportloisir` (`id`, `idvendeur`, `date`, `marque`, `nom`, `taille`, `prix`, `photo`, `modele`, `descprition`) VALUES
(1, 6, '2019-04-02', 'Intersport', 'Ballon', '20 cm de diamètre', 9, 'https://media.intersport.fr/is/image/intersportfr/5003248E1Q_FA?$produit_l$', '00B0', ''),
(2, 2, '2019-02-05', 'Babolat', 'Raquette de tennis', '68.5 de longueur', 169.9, 'https://www.protennis.fr/2843-tm_large_default/raquette-babolat-pure-drive-lite-2018.jpg', '00B1', ''),
(3, 2, '2018-11-13', 'Addidas', 'Gants de boxe', '10 OZ', 49.95, 'https://encrypted-tbn0.gstatic.com/shopping?q=tbn:ANd9GcQT13Wv0CeooLXxK07IO7MuF-HXftnaZD5D3hGb9N8uSmxVH80rl6AiqIEs4LxSSTNM-K9syx-kTA&usqp=CAc', '00G0', ''),
(4, 4, '2019-03-05', 'Itwit', 'Kayak gonflable', 'Longueur : 382 cm\r\nLargeur : 108 cm', 300, 'https://www.decathlon.fr/media/838/8387563/big_1146854.jpg', '00K0', ''),
(5, 2, '2018-12-28', 'Go sport', 'Panier de basket', '2m à 3m', 149.9, 'https://medias.go-sport.com/media/resized/1300x/catalog/product/01/39/63/17/bskt-hoop_1_v1.jpg', '00P0', ''),
(6, 2, '2019-04-07', 'Kipsta', 'But de foot', '120X80 cm', 17, 'https://www.decathlon.fr/media/852/8526869/big_1596030.jpg', '00B2', ''),
(7, 2, '2019-04-02', 'Intersport', 'Ballon', '20 cm de diamètre', 9, 'https://media.intersport.fr/is/image/intersportfr/5003248E1Q_FA?$produit_l$', '00B8', '');

-- --------------------------------------------------------

--
-- Table structure for table `vendeur`
--

DROP TABLE IF EXISTS `vendeur`;
CREATE TABLE `vendeur` (
  `id` int(10) NOT NULL,
  `pseudo` varchar(255) NOT NULL,
  `email` varchar(255) NOT NULL,
  `nom` varchar(255) NOT NULL,
  `photo` varchar(500) NOT NULL,
  `imagefond` varchar(500) NOT NULL,
  `admin` tinyint(1) NOT NULL
) ENGINE=InnoDB DEFAULT CHARSET=utf8;

--
-- Dumping data for table `vendeur`
--

INSERT INTO `vendeur` (`id`, `pseudo`, `email`, `nom`, `photo`, `imagefond`, `admin`) VALUES
(2, 'leo', 'Leo.beillevaire@edu.ece.fr', 'Beillevaire', 'http://cdn.24.co.za/files/Cms/General/d/5470/79958d58e26a45fa8bfb87e6ed155e18.jpg', 'https://encrypted-tbn0.gstatic.com/images?q=tbn:ANd9GcQyB69fJErh0Qp_hQzswRuI13OgsN0y5yHhQZAt-L924JAdKSIi', 1),
(4, 'watson', 'watson@gmail.com', 'watson', 'http://res.cloudinary.com/hv9ssmzrz/image/fetch/c_fill,f_auto,g_auto,h_288,q_auto,w_512/http://images-site-chefsimon-eu.s3-eu-west-1.amazonaws.com/articles/e47cb97e-88ab-4afe-8ef4-319e0c844702/kiwis-coupe.jpg', 'https://tous-les-fruits.com/wp-content/uploads/2018/03/fruits-exotiques.jpg', 0),
(5, 'alex', 'alex@gmail.com', 'Dubois', 'https://s1.lmcdn.fr/multimedia/0f1501761445/3d4705be9ae49/produits/cube-chene-les-bois-massifs-et-imitants-bois/69507032-2-0-5379289-v-000100000000.jpg?$p=hi-w795', 'https://www.decomurale.ca/wp-content/uploads/2015/10/s_shutterstock_192111716.jpg', 0),
(6, 'thomas', 'richard@gmail.com', 'richard', 'https://images-na.ssl-images-amazon.com/images/I/41trnBjzshL.jpg', 'http://www.slate.fr/sites/default/files/styles/1060x523/public/super.jpg', 0),
(7, 'bob', 'durand@gmail.com', 'Durand', 'https://img.huffingtonpost.com/asset/5c930a863600001e266daa80.jpeg?ops=scalefit_630_noupscale', 'https://static1.runbabyrun.fr/articles/6/30/56/@/14684-comment-ranger-ses-baskets-quand-on-a-be-620x0-2.jpg', 0);

-- --------------------------------------------------------

--
-- Table structure for table `vetement`
--

DROP TABLE IF EXISTS `vetement`;
CREATE TABLE `vetement` (
  `id` int(10) NOT NULL,
  `idvendeur` int(10) NOT NULL,
  `nom` varchar(255) NOT NULL,
  `prix` float NOT NULL,
  `marque` varchar(255) NOT NULL,
  `taille` varchar(200) NOT NULL,
  `sexe` tinyint(1) NOT NULL,
  `photo` text NOT NULL,
  `modele` varchar(255) NOT NULL,
  `descprition` text NOT NULL
) ENGINE=InnoDB DEFAULT CHARSET=utf8;

--
-- Dumping data for table `vetement`
--

INSERT INTO `vetement` (`id`, `idvendeur`, `nom`, `prix`, `marque`, `taille`, `sexe`, `photo`, `modele`, `descprition`) VALUES
(1, 5, 'Chaussure', 99, 'Nike', '43', 0, 'https://images.asos-media.com/products/nike-air-pegasus-89-baskets-blanc/10610787-1-white?$XXL$&wid=513&fit=constrain', '000C', ''),
(2, 2, 'T-shirt Supreme', 70, 'Supreme', 'M', 0, 'https://www.teewinek.com/wp-content/uploads/2018/08/T-shirt-Supreme-tee-shirt-personnalis%C3%A9-T-shirt-Supreme-en-Tunisie-510x510.png', '000T', ''),
(3, 7, 'Jean ', 79, 'Levis ', '42', 0, 'https://mosaic03.ztat.net/vgs/media/article-image-mhq/LE/22/2G/07/FK/11/LE222G07F-K11@16.jpg?imwidth=1524', '000J', ''),
(4, 2, 'Casquette ', 29.99, 'Ralph Lauren', 'M', 0, 'https://images-na.ssl-images-amazon.com/images/I/813IkcnYiCL._UX679_.jpg', '001C', ''),
(5, 2, 'Chaussure superstar', 79.95, 'Addidas', '38', 1, 'https://assets.adidas.com/images/w_840,h_840,f_auto,q_auto:sensitive,fl_lossy/4ed6658e09594a52acd9a976013f44fc_9366/Chaussure_Superstar_blanc_DB3346_01_standard.jpg', '002C', '');

--
-- Indexes for dumped tables
--

--
-- Indexes for table `acheteur`
--
ALTER TABLE `acheteur`
  ADD PRIMARY KEY (`id`);

--
-- Indexes for table `historique`
--
ALTER TABLE `historique`
  ADD PRIMARY KEY (`Id`);

--
-- Indexes for table `livre`
--
ALTER TABLE `livre`
  ADD PRIMARY KEY (`id`),
  ADD KEY `idvendeur` (`idvendeur`);

--
-- Indexes for table `musique`
--
ALTER TABLE `musique`
  ADD PRIMARY KEY (`id`),
  ADD KEY `idvendeur` (`idvendeur`);

--
-- Indexes for table `panier`
--
ALTER TABLE `panier`
  ADD PRIMARY KEY (`id`);

--
-- Indexes for table `sportloisir`
--
ALTER TABLE `sportloisir`
  ADD PRIMARY KEY (`id`),
  ADD KEY `idvendeur` (`idvendeur`);

--
-- Indexes for table `vendeur`
--
ALTER TABLE `vendeur`
  ADD PRIMARY KEY (`id`);

--
-- Indexes for table `vetement`
--
ALTER TABLE `vetement`
  ADD PRIMARY KEY (`id`),
  ADD KEY `idvendeur` (`idvendeur`);

--
-- AUTO_INCREMENT for dumped tables
--

--
-- AUTO_INCREMENT for table `acheteur`
--
ALTER TABLE `acheteur`
  MODIFY `id` int(10) NOT NULL AUTO_INCREMENT, AUTO_INCREMENT=5;

--
-- AUTO_INCREMENT for table `historique`
--
ALTER TABLE `historique`
  MODIFY `Id` int(11) NOT NULL AUTO_INCREMENT, AUTO_INCREMENT=28;

--
-- AUTO_INCREMENT for table `livre`
--
ALTER TABLE `livre`
  MODIFY `id` int(10) NOT NULL AUTO_INCREMENT, AUTO_INCREMENT=1007;

--
-- AUTO_INCREMENT for table `musique`
--
ALTER TABLE `musique`
  MODIFY `id` int(10) NOT NULL AUTO_INCREMENT, AUTO_INCREMENT=11;

--
-- AUTO_INCREMENT for table `panier`
--
ALTER TABLE `panier`
  MODIFY `id` int(11) NOT NULL AUTO_INCREMENT, AUTO_INCREMENT=10;

--
-- AUTO_INCREMENT for table `sportloisir`
--
ALTER TABLE `sportloisir`
  MODIFY `id` int(10) NOT NULL AUTO_INCREMENT, AUTO_INCREMENT=8;

--
-- AUTO_INCREMENT for table `vendeur`
--
ALTER TABLE `vendeur`
  MODIFY `id` int(10) NOT NULL AUTO_INCREMENT, AUTO_INCREMENT=8;

--
-- AUTO_INCREMENT for table `vetement`
--
ALTER TABLE `vetement`
  MODIFY `id` int(10) NOT NULL AUTO_INCREMENT, AUTO_INCREMENT=6;

--
-- Constraints for dumped tables
--

--
-- Constraints for table `livre`
--
ALTER TABLE `livre`
  ADD CONSTRAINT `livre_ibfk_1` FOREIGN KEY (`idvendeur`) REFERENCES `vendeur` (`id`);

--
-- Constraints for table `musique`
--
ALTER TABLE `musique`
  ADD CONSTRAINT `musique_ibfk_1` FOREIGN KEY (`idvendeur`) REFERENCES `vendeur` (`id`);

--
-- Constraints for table `sportloisir`
--
ALTER TABLE `sportloisir`
  ADD CONSTRAINT `sportloisir_ibfk_1` FOREIGN KEY (`idvendeur`) REFERENCES `vendeur` (`id`);

--
-- Constraints for table `vetement`
--
ALTER TABLE `vetement`
  ADD CONSTRAINT `vetement_ibfk_1` FOREIGN KEY (`idvendeur`) REFERENCES `vendeur` (`id`);
